BOARDID,TRADEDATE,SHORTNAME,SECID,NUMTRADES,VALUE,LOW,HIGH,CLOSE,LEGALCLOSEPRICE,ACCINT,WAPRICE,YIELDCLOSE,OPEN,VOLUME,MARKETPRICE2,MARKETPRICE3,ADMITTEDQUOTE,MP2VALTRD,MARKETPRICE3TRADESVALUE,ADMITTEDVALUE,MATDATE,DURATION,YIELDATWAP,IRICPICLOSE,BEICLOSE,COUPONPERCENT,COUPONVALUE,BUYBACKDATE,LASTTRADEDATE,FACEVALUE,CURRENCYID,CBRCLOSE,YIELDTOOFFER,YIELDLASTCOUPON,OFFERDATE,FACEUNIT,TRADINGSESSION
TQOB,2021-06-23,ОФЗ 26238,SU26238RMFS4,22,79654104.0,99.6,99.6,99.6,99.6,1.36,99.6,7.27,99.6,79974,99.6,99.6,99.6,79654104.0,79654104.0,79654104.0,2041-05-15,3983,7.27,,,7.1,34.04,,2021-06-23,1000,SUR,,,,,RUB,3
TQOB,2021-06-24,ОФЗ 26238,SU26238RMFS4,32,381638911.85,99.5,99.9,99.5,99.5,1.56,99.578,7.27,99.9,383255,99.578,99.578,99.5,381638911.85,381638911.85,381638911.85,2041-05-15,3982,7.27,,,7.1,34.04,,2021-06-24,1000,SUR,,,,,RUB,3
TQOB,2021-06-25,ОФЗ 26238,SU26238RMFS4,36,352822111.07,99.4,99.75,99.5,99.5,1.75,99.501,7.27,99.5,354592,99.501,99.501,99.5,352822111.07,352822111.07,352822111.07,2041-05-15,3981,7.27,,,7.1,34.04,,2021-06-25,1000,SUR,,,,,RUB,3
TQOB,2021-06-28,ОФЗ 26238,SU26238RMFS4,39,18788565.13,99.4,99.749,99.499,99.499,2.33,99.495,7.27,99.749,18884,99.495,99.495,99.499,18788565.13,18788565.13,18788565.13,2041-05-15,3976,7.28,,,7.1,34.04,,2021-06-28,1000,SUR,,,,,RUB,3
TQOB,2021-06-29,ОФЗ 26238,SU26238RMFS4,11,328091.7,99.399,99.491,99.399,99.399,2.53,99.422,7.28,99.491,330,,99.481,99.399,0.0,1418600.74,0.0,2041-05-15,3975,7.28,,,7.1,34.04,,2021-06-29,1000,SUR,,,,,RUB,3
TQOB,2021-06-30,ОФЗ 26238,SU26238RMFS4,41,2683556.64,99.25,99.499,99.35,99.35,2.72,99.391,7.29,99.499,2700,99.391,99.391,99.35,2683556.64,2683556.64,2683556.64,2041-05-15,3973,7.29,,,7.1,34.04,,2021-06-30,1000,SUR,,,,,RUB,3
TQOB,2021-07-01,ОФЗ 26238,SU26238RMFS4,27,11391950.29,99.21,99.599,99.399,99.399,2.92,99.259,7.28,99.599,11477,99.259,99.259,99.399,11391950.29,11391950.29,11391950.29,2041-05-15,3970,7.3,,,7.1,34.04,,2021-07-01,1000,SUR,,,,,RUB,3
TQOB,2021-07-02,ОФЗ 26238,SU26238RMFS4,28,2742922.31,99.17,101.0,99.2,99.2,3.11,99.237,7.3,100.999,2764,99.237,99.237,99.2,2742922.31,2742922.31,2742922.31,2041-05-15,3969,7.3,,,7.1,34.04,,2021-07-02,1000,SUR,,,,,RUB,3
TQOB,2021-07-05,ОФЗ 26238,SU26238RMFS4,34,1262479.62,99.19,99.489,99.19,99.19,3.7,99.252,7.31,99.3,1272,99.252,99.252,99.19,1262479.62,1262479.62,1262479.62,2041-05-15,3966,7.3,,,7.1,34.04,,2021-07-05,1000,SUR,,,,,RUB,3
TQOB,2021-07-06,ОФЗ 26238,SU26238RMFS4,56,3855459.73,98.909,99.15,99.05,99.05,3.89,99.087,7.32,99.15,3891,99.087,99.087,99.05,3855459.73,3855459.73,3855459.73,2041-05-15,3962,7.32,,,7.1,34.04,,2021-07-06,1000,SUR,,,,,RUB,3
TQOB,2021-07-07,ОФЗ 26238,SU26238RMFS4,85,101522448.03,98.2,100.999,98.299,98.299,4.08,98.212,7.39,99.6,103371,98.212,98.212,98.299,101522448.03,101522448.03,101522448.03,2041-05-15,3947,7.4,,,7.1,34.04,,2021-07-07,1000,SUR,,,,,RUB,3
TQOB,2021-07-08,ОФЗ 26238,SU26238RMFS4,66,631524959.7,98.149,99.1,98.298,98.298,4.28,98.152,7.39,99.1,643414,98.152,98.152,98.298,631524959.7,631524959.7,631524959.7,2041-05-15,3944,7.41,,,7.1,34.04,,2021-07-08,1000,SUR,,,,,RUB,3
TQOB,2021-07-09,ОФЗ 26238,SU26238RMFS4,46,5569100.54,98.4,99.101,98.499,98.499,4.47,98.533,7.37,99.1,5652,98.533,98.533,98.499,5569100.54,5569100.54,5569100.54,2041-05-15,3950,7.37,,,7.1,34.04,,2021-07-09,1000,SUR,,,,,RUB,3
TQOB,2021-07-12,ОФЗ 26238,SU26238RMFS4,86,11411841.73,98.151,98.949,98.2,98.234,5.06,98.217,7.4,98.949,11619,98.217,98.217,98.234,11411841.73,11411841.73,11411841.73,2041-05-15,3942,7.4,,,7.1,34.04,,2021-07-12,1000,SUR,,,,,RUB,3
TQOB,2021-07-13,ОФЗ 26238,SU26238RMFS4,64,2005436.29,98.1,99.099,98.1,98.1,5.25,98.161,7.41,99.099,2043,98.161,98.161,98.1,2005436.29,2005436.29,2005436.29,2041-05-15,3939,7.41,,,7.1,34.04,,2021-07-13,1000,SUR,,,,,RUB,3
TQOB,2021-07-14,ОФЗ 26238,SU26238RMFS4,60,2809493.06,97.952,98.349,98.0,98.0,5.45,98.028,7.42,98.349,2866,98.028,98.028,98.0,2809493.06,2809493.06,2809493.06,2041-05-15,3937,7.42,,,7.1,34.04,,2021-07-14,1000,SUR,,,,,RUB,3
TQOB,2021-07-15,ОФЗ 26238,SU26238RMFS4,39,2354013.01,98.2,98.44,98.25,98.25,5.64,98.289,7.4,98.349,2395,98.289,98.289,98.25,2354013.01,2354013.01,2354013.01,2041-05-15,3939,7.4,,,7.1,34.04,,2021-07-15,1000,SUR,,,,,RUB,3
TQOB,2021-07-16,ОФЗ 26238,SU26238RMFS4,25,3454935.39,98.25,98.6,98.25,98.25,5.84,98.375,7.4,98.395,3512,98.375,98.375,98.25,3454935.39,3454935.39,3454935.39,2041-05-15,3940,7.39,,,7.1,34.04,,2021-07-16,1000,SUR,,,,,RUB,3
TQOB,2021-07-19,ОФЗ 26238,SU26238RMFS4,55,47853935.6,98.0,99.099,98.0,98.0,6.42,97.926,7.42,98.6,48828,98.005,98.005,98.0,47853935.6,47853935.6,47853935.6,2041-05-15,3930,7.43,,,7.1,34.04,,2021-07-19,1000,SUR,,,,,RUB,3
TQOB,2021-07-20,ОФЗ 26238,SU26238RMFS4,30,290730.05,98.199,98.45,98.45,98.45,6.61,98.354,7.38,98.199,296,,98.008,98.45,0.0,7869070.05,0.0,2041-05-15,3936,7.39,,,7.1,34.04,,2021-07-20,1000,SUR,,,,,RUB,3
TQOB,2021-07-21,ОФЗ 26238,SU26238RMFS4,41,2988365.26,98.45,99.101,99.1,99.1,6.81,98.887,7.31,98.6,3022,98.887,98.887,99.1,2988365.26,2988365.26,2988365.26,2041-05-15,3943,7.34,,,7.1,34.04,,2021-07-21,1000,SUR,,,,,RUB,3
TQOB,2021-07-22,ОФЗ 26238,SU26238RMFS4,52,163796251.46,98.9,100.1,100.1,100.1,7.0,100.0,7.22,99.599,163796,100.0,100.0,100.1,163796251.46,163796251.46,163796251.46,2041-05-15,3961,7.23,,,7.1,34.04,,2021-07-22,1000,SUR,,,,,RUB,3
TQOB,2021-07-23,ОФЗ 26238,SU26238RMFS4,30,142045.85,99.902,100.288,99.931,99.931,7.2,100.032,7.23,99.902,142,,100.095,99.931,0.0,1977879.85,0.0,2041-05-15,3961,7.22,,,7.1,34.04,,2021-07-23,1000,SUR,,,,,RUB,3
TQOB,2021-07-26,ОФЗ 26238,SU26238RMFS4,40,31692955.1,99.131,100.25,100.25,100.25,7.78,100.0,7.2,100.248,31693,100.0,100.0,100.25,31692955.1,31692955.1,31692955.1,2041-05-15,3958,7.22,,,7.1,34.04,,2021-07-26,1000,SUR,,,,,RUB,3
TQOB,2021-07-27,ОФЗ 26238,SU26238RMFS4,25,666728.73,99.501,100.399,100.399,100.399,7.98,100.26,7.19,99.501,665,100.26,100.26,100.399,666728.73,666728.73,666728.73,2041-05-15,3961,7.2,,,7.1,34.04,,2021-07-27,1000,SUR,,,,,RUB,3
TQOB,2021-07-28,ОФЗ 26238,SU26238RMFS4,58,712234.47,98.502,100.399,100.2,100.2,8.17,99.613,7.21,100.398,715,99.613,99.613,100.2,712234.47,712234.47,712234.47,2041-05-15,3950,7.26,,,7.1,34.04,,2021-07-28,1000,SUR,,,,,RUB,3
TQOB,2021-07-29,ОФЗ 26238,SU26238RMFS4,25,3808531.52,100.168,100.799,100.764,100.764,8.36,100.225,7.15,100.798,3800,100.225,100.225,100.764,3808531.52,3808531.52,3808531.52,2041-05-15,3959,7.2,,,7.1,34.04,,2021-07-29,1000,SUR,,,,,RUB,3
TQOB,2021-07-30,ОФЗ 26238,SU26238RMFS4,19,2634835.93,100.796,100.8,100.796,100.796,8.56,100.405,7.15,100.8,2614,100.797,100.797,100.796,2634835.93,2634835.93,2634835.93,2041-05-15,3959,7.19,,,7.1,34.04,,2021-07-30,1000,SUR,,,,,RUB,3
TQOB,2021-08-02,ОФЗ 26238,SU26238RMFS4,45,14412518.94,99.9,102.0,100.998,100.998,9.14,99.976,7.13,101.999,14416,99.976,99.976,100.998,14412518.94,14412518.94,14412518.94,2041-05-15,3950,7.23,,,7.1,34.04,,2021-08-02,1000,SUR,,,,,RUB,3
TQOB,2021-08-03,ОФЗ 26238,SU26238RMFS4,65,10947420.57,99.5,102.0,100.399,100.399,9.34,99.658,7.19,101.0,10985,99.658,99.658,100.399,10947420.57,10947420.57,10947420.57,2041-05-15,3944,7.26,,,7.1,34.04,,2021-08-03,1000,SUR,,,,,RUB,3
TQOB,2021-08-04,ОФЗ 26238,SU26238RMFS4,167,900592508.04,99.3,101.99,99.5,99.5,9.53,99.373,7.27,101.99,906278,99.373,99.373,99.5,900592508.04,900592508.04,900592508.04,2041-05-15,3938,7.29,,,7.1,34.04,,2021-08-04,1000,SUR,,,,,RUB,3
TQOB,2021-08-05,ОФЗ 26238,SU26238RMFS4,126,529904548.39,99.499,102.0,99.589,99.589,9.73,99.521,7.27,101.997,532380,99.535,99.535,99.589,529904548.39,529904548.39,529904548.39,2041-05-15,3940,7.27,,,7.1,34.04,,2021-08-05,1000,SUR,,,,,RUB,3
TQOB,2021-08-06,ОФЗ 26238,SU26238RMFS4,95,20615337.42,99.183,101.999,99.599,99.599,9.92,99.615,7.26,101.999,20695,99.615,99.615,99.599,20615337.42,20615337.42,20615337.42,2041-05-15,3941,7.26,,,7.1,34.04,,2021-08-06,1000,SUR,,,,,RUB,3
TQOB,2021-08-09,ОФЗ 26238,SU26238RMFS4,115,24425938.69,99.18,101.998,99.598,99.598,10.5,99.345,7.26,101.998,24587,99.345,99.345,99.598,24425938.69,24425938.69,24425938.69,2041-05-15,3933,7.29,,,7.1,34.04,,2021-08-09,1000,SUR,,,,,RUB,3
TQOB,2021-08-10,ОФЗ 26238,SU26238RMFS4,189,309543948.11,99.1,101.578,99.2,99.2,10.7,99.102,7.3,101.578,312350,99.102,99.102,99.2,309543948.11,309543948.11,309543948.11,2041-05-15,3928,7.31,,,7.1,34.04,,2021-08-10,1000,SUR,,,,,RUB,3
TQOB,2021-08-11,ОФЗ 26238,SU26238RMFS4,240,67536598.31,98.76,99.6,98.999,98.999,10.89,98.817,7.32,99.2,68345,98.817,98.817,98.999,67536598.31,67536598.31,67536598.31,2041-05-15,3922,7.34,,,7.1,34.04,,2021-08-11,1000,SUR,,,,,RUB,3
TQOB,2021-08-12,ОФЗ 26238,SU26238RMFS4,166,25522147.73,98.804,100.998,99.135,99.135,11.09,99.134,7.31,99.599,25745,99.134,99.134,99.135,25522147.73,25522147.73,25522147.73,2041-05-15,3926,7.31,,,7.1,34.04,,2021-08-12,1000,SUR,,,,,RUB,3
TQOB,2021-08-13,ОФЗ 26238,SU26238RMFS4,157,3866667.96,98.901,99.6,99.19,99.19,11.28,99.069,7.3,99.596,3903,99.069,99.069,99.19,3866667.96,3866667.96,3866667.96,2041-05-15,3924,7.32,,,7.1,34.04,,2021-08-13,1000,SUR,,,,,RUB,3
TQOB,2021-08-16,ОФЗ 26238,SU26238RMFS4,202,46644950.19,98.903,100.55,99.349,99.349,11.87,99.084,7.29,99.599,47076,99.084,99.084,99.349,46644950.19,46644950.19,46644950.19,2041-05-15,3921,7.32,,,7.1,34.04,,2021-08-16,1000,SUR,,,,,RUB,3
TQOB,2021-08-17,ОФЗ 26238,SU26238RMFS4,265,24372058.85,98.796,100.55,98.996,98.996,12.06,99.013,7.32,100.049,24615,99.013,99.013,98.996,24372058.85,24372058.85,24372058.85,2041-05-15,3920,7.32,,,7.1,34.04,,2021-08-17,1000,SUR,,,,,RUB,3
TQOB,2021-08-18,ОФЗ 26238,SU26238RMFS4,297,1082679959.79,98.8,99.45,98.9,98.9,12.25,98.949,7.33,99.45,1094181,98.949,98.949,98.9,1082679959.79,1082679959.79,1082679959.79,2041-05-15,3917,7.33,,,7.1,34.04,,2021-08-18,1000,SUR,,,,,RUB,3
TQOB,2021-08-19,ОФЗ 26238,SU26238RMFS4,320,337537184.49,98.507,98.85,98.65,98.65,12.45,98.707,7.36,98.85,342020,98.689,98.689,98.65,337537184.49,337537184.49,337537184.49,2041-05-15,3913,7.35,,,7.1,34.04,,2021-08-19,1000,SUR,,,,,RUB,3
TQOB,2021-08-20,ОФЗ 26238,SU26238RMFS4,283,27716208.72,98.601,99.597,98.75,98.749,12.64,98.676,7.35,99.1,28074,98.726,98.726,98.749,27716208.72,27716208.72,27716208.72,2041-05-15,3910,7.36,,,7.1,34.04,,2021-08-20,1000,SUR,,,,,RUB,3
TQOB,2021-08-23,ОФЗ 26238,SU26238RMFS4,336,410656207.63,98.5,99.099,98.599,98.599,13.23,98.584,7.36,98.6,416554,98.584,98.584,98.599,410656207.63,410656207.63,410656207.63,2041-05-15,3905,7.37,,,7.1,34.04,,2021-08-23,1000,SUR,,,,,RUB,3
TQOB,2021-08-24,ОФЗ 26238,SU26238RMFS4,238,256421456.67,98.4,99.097,98.55,98.55,13.42,98.46,7.37,99.097,260431,98.46,98.46,98.55,256421456.67,256421456.67,256421456.67,2041-05-15,3903,7.38,,,7.1,34.04,,2021-08-24,1000,SUR,,,,,RUB,3
TQOB,2021-08-25,ОФЗ 26238,SU26238RMFS4,245,9319529.51,98.3,99.094,98.499,98.499,13.62,98.515,7.37,99.094,9460,98.515,98.515,98.499,9319529.51,9319529.51,9319529.51,2041-05-15,3903,7.37,,,7.1,34.04,,2021-08-25,1000,SUR,,,,,RUB,3
TQOB,2021-08-26,ОФЗ 26238,SU26238RMFS4,265,5740744.6,98.149,98.696,98.199,98.199,13.81,98.3,7.4,98.696,5840,98.3,98.3,98.199,5740744.6,5740744.6,5740744.6,2041-05-15,3899,7.39,,,7.1,34.04,,2021-08-26,1000,SUR,,,,,RUB,3
TQOB,2021-08-27,ОФЗ 26238,SU26238RMFS4,204,5304883.84,98.1,98.65,98.65,98.65,14.01,98.439,7.36,98.101,5389,98.439,98.439,98.65,5304883.84,5304883.84,5304883.84,2041-05-15,3900,7.38,,,7.1,34.04,,2021-08-27,1000,SUR,,,,,RUB,3
TQOB,2021-08-30,ОФЗ 26238,SU26238RMFS4,218,9592618.43,98.001,99.598,98.599,98.599,14.59,98.618,7.36,99.1,9727,98.618,98.618,98.599,9592618.43,9592618.43,9592618.43,2041-05-15,3900,7.36,,,7.1,34.04,,2021-08-30,1000,SUR,,,,,RUB,3
TQOB,2021-08-31,ОФЗ 26238,SU26238RMFS4,223,212300798.7,98.151,99.1,98.45,98.45,14.78,98.451,7.38,98.998,215642,98.451,98.451,98.45,212300798.7,212300798.7,212300798.7,2041-05-15,3896,7.38,,,7.1,34.04,,2021-08-31,1000,SUR,,,,,RUB,3
TQOB,2021-09-01,ОФЗ 26238,SU26238RMFS4,605,4451334983.15,98.1,98.6,98.19,98.182,14.98,98.231,7.41,98.5,4531499,98.231,98.231,98.182,4451334983.15,4451334983.15,4451334983.15,2041-05-15,3891,7.4,,,7.1,34.04,,2021-09-01,1000,SUR,,,,,RUB,3
TQOB,2021-09-02,ОФЗ 26238,SU26238RMFS4,399,1528876032.06,97.999,98.6,98.05,98.049,15.17,98.03,7.42,98.6,1559539,98.034,98.034,98.049,1528876032.06,1528876032.06,1528876032.06,2041-05-15,3887,7.42,,,7.1,34.04,,2021-09-02,1000,SUR,,,,,RUB,3
TQOB,2021-09-03,ОФЗ 26238,SU26238RMFS4,270,1091544228.12,98.0,98.296,98.088,98.088,15.37,98.07,7.42,98.05,1113023,98.07,98.07,98.088,1091544228.12,1091544228.12,1091544228.12,2041-05-15,3886,7.42,,,7.1,34.04,,2021-09-03,1000,SUR,,,,,RUB,3
TQOB,2021-09-06,ОФЗ 26238,SU26238RMFS4,325,8257069.99,97.973,98.746,98.0,98.0,15.95,97.972,7.42,98.599,8421,98.053,98.053,98.0,8257069.99,8257069.99,8257069.99,2041-05-15,3881,7.43,,,7.1,34.04,,2021-09-06,1000,SUR,,,,,RUB,3
TQOB,2021-09-07,ОФЗ 26238,SU26238RMFS4,297,23074494.97,97.7,98.599,97.999,97.999,16.14,97.724,7.42,98.597,23551,97.977,97.977,97.999,23074494.97,23074494.97,23074494.97,2041-05-15,3877,7.45,,,7.1,34.04,,2021-09-07,1000,SUR,,,,,RUB,3
TQOB,2021-09-08,ОФЗ 26238,SU26238RMFS4,144,260138754.45,97.877,98.6,98.099,98.099,16.34,98.014,7.41,98.598,265410,98.014,98.014,98.099,260138754.45,260138754.45,260138754.45,2041-05-15,3881,7.42,,,7.1,34.04,,2021-09-08,1000,SUR,,,,,RUB,3
TQOB,2021-09-09,ОФЗ 26238,SU26238RMFS4,353,322499260.29,97.793,98.39,98.079,98.079,16.53,97.899,7.42,97.851,329095,97.996,97.996,98.079,322499260.29,322499260.29,322499260.29,2041-05-15,3878,7.43,,,7.1,34.04,,2021-09-09,1000,SUR,,,,,RUB,3
TQOB,2021-09-10,ОФЗ 26238,SU26238RMFS4,365,357529068.6,97.752,98.5,98.3,98.3,16.73,98.243,7.39,97.822,364075,98.202,98.202,98.3,357529068.6,357529068.6,357529068.6,2041-05-15,3882,7.4,,,7.1,34.04,,2021-09-10,1000,SUR,,,,,RUB,3
TQOB,2021-09-13,ОФЗ 26238,SU26238RMFS4,213,28840385.07,97.803,98.6,98.394,98.394,17.31,98.311,7.38,97.803,29336,98.311,98.311,98.394,28840385.07,28840385.07,28840385.07,2041-05-15,3881,7.39,,,7.1,34.04,,2021-09-13,1000,SUR,,,,,RUB,3
TQOB,2021-09-14,ОФЗ 26238,SU26238RMFS4,460,814273184.12,97.652,99.1,97.799,97.799,17.51,97.829,7.44,98.599,831675,97.908,97.908,97.799,814273184.12,814273184.12,814273184.12,2041-05-15,3871,7.44,,,7.1,34.04,,2021-09-14,1000,SUR,,,,,RUB,3
TQOB,2021-09-15,ОФЗ 26238,SU26238RMFS4,479,693265145.31,97.37,97.999,97.45,97.45,17.7,97.425,7.48,97.996,711591,97.425,97.425,97.45,693265145.31,693265145.31,693265145.31,2041-05-15,3864,7.48,,,7.1,34.04,,2021-09-15,1000,SUR,,,,,RUB,3
TQOB,2021-09-16,ОФЗ 26238,SU26238RMFS4,347,191476520.69,97.38,98.337,97.499,97.499,17.9,97.624,7.48,98.337,196195,97.595,97.595,97.499,191476520.69,191476520.69,191476520.69,2041-05-15,3866,7.46,,,7.1,34.04,,2021-09-16,1000,SUR,,,,,RUB,3
TQOB,2021-09-17,ОФЗ 26238,SU26238RMFS4,412,140553907.9,97.25,97.978,97.409,97.409,18.09,97.401,7.48,97.8,144305,97.401,97.401,97.409,140553907.9,140553907.9,140553907.9,2041-05-15,3860,7.49,,,7.1,34.04,,2021-09-17,1000,SUR,,,,,RUB,3
TQOB,2021-09-20,ОФЗ 26238,SU26238RMFS4,614,488613639.15,96.5,98.099,96.72,96.72,18.67,96.899,7.56,98.099,504251,96.899,96.899,96.72,488613639.15,488613639.15,488613639.15,2041-05-15,3849,7.54,,,7.1,34.04,,2021-09-20,1000,SUR,,,,,RUB,3
TQOB,2021-09-21,ОФЗ 26238,SU26238RMFS4,250,232129593.45,96.726,97.498,97.295,97.295,18.87,97.259,7.5,97.498,238800,97.207,97.207,97.295,232129593.45,232129593.45,232129593.45,2041-05-15,3854,7.5,,,7.1,34.04,,2021-09-21,1000,SUR,,,,,RUB,3
TQOB,2021-09-22,ОФЗ 26238,SU26238RMFS4,239,261926477.81,97.101,98.542,97.346,97.346,19.06,97.387,7.49,97.296,268953,97.387,97.387,97.346,261926477.81,261926477.81,261926477.81,2041-05-15,3855,7.49,,,7.1,34.04,,2021-09-22,1000,SUR,,,,,RUB,3
TQOB,2021-09-23,ОФЗ 26238,SU26238RMFS4,407,128881781.52,96.499,97.698,96.64,96.64,19.26,96.727,7.56,97.3,133243,96.727,96.727,96.64,128881781.52,128881781.52,128881781.52,2041-05-15,3842,7.56,,,7.1,34.04,,2021-09-23,1000,SUR,,,,,RUB,3
TQOB,2021-09-24,ОФЗ 26238,SU26238RMFS4,573,366679436.39,95.999,97.095,96.299,96.299,19.45,96.103,7.6,96.367,381548,96.103,96.103,96.299,366679436.39,366679436.39,366679436.39,2041-05-15,3831,7.62,,,7.1,34.04,,2021-09-24,1000,SUR,,,,,RUB,3
TQOB,2021-09-27,ОФЗ 26238,SU26238RMFS4,743,443530234.06,95.7,98.356,96.9,96.147,20.03,96.013,7.54,96.6,461949,96.012,96.012,96.147,443010269.53,443010269.53,443010269.53,2041-05-15,3827,7.63,,,7.1,34.04,,2021-09-27,1000,SUR,,,,,RUB,3
TQOB,2021-09-28,ОФЗ 26238,SU26238RMFS4,539,1058082231.79,95.8,97.0,96.5,96.097,20.23,96.068,7.58,96.6,1101390,96.068,96.068,96.097,1057523445.5,1057523445.5,1057523445.5,2041-05-15,3827,7.62,,,7.1,34.04,,2021-09-28,1000,SUR,,,,,RUB,3
TQOB,2021-09-29,ОФЗ 26238,SU26238RMFS4,479,45932370.12,95.8,97.15,95.8,96.449,20.42,96.091,7.65,97.15,47801,96.308,96.308,96.449,19841364.19,19841364.19,19841364.19,2041-05-15,3826,7.62,,,7.1,34.04,,2021-09-29,1000,SUR,,,,,RUB,3
TQOB,2021-09-30,ОФЗ 26238,SU26238RMFS4,360,362606031.18,95.808,97.149,96.29,96.137,20.62,95.923,7.6,96.287,377796,95.979,95.979,96.137,361734135.02,361734135.02,361734135.02,2041-05-15,3822,7.64,,,7.1,34.04,,2021-09-30,1000,SUR,,,,,RUB,3
TQOB,2021-10-01,ОФЗ 26238,SU26238RMFS4,731,545409263.6,94.998,96.6,96.25,95.79,20.81,95.494,7.6,96.6,571572,95.421,95.421,95.79,544002666.33,544002666.33,544002666.33,2041-05-15,3814,7.68,,,7.1,34.04,,2021-10-01,1000,SUR,,,,,RUB,3
TQOB,2021-10-04,ОФЗ 26238,SU26238RMFS4,805,422814104.21,94.8,96.999,95.105,94.8,21.4,95.269,7.73,96.6,444438,95.134,95.134,94.8,421992484.84,421992484.84,421992484.84,2041-05-15,3806,7.71,,,7.1,34.04,,2021-10-04,1000,SUR,,,,,RUB,3
TQOB,2021-10-05,ОФЗ 26238,SU26238RMFS4,931,726274446.55,93.698,95.5,94.01,94.09,21.59,94.397,7.84,94.8,769387,94.397,94.397,94.09,725082934.62,725082934.62,725082934.62,2041-05-15,3790,7.8,,,7.1,34.04,,2021-10-05,1000,SUR,,,,,RUB,3
TQOB,2021-10-06,ОФЗ 26238,SU26238RMFS4,702,494910455.88,93.0,94.289,93.826,93.899,21.79,93.71,7.86,94.149,527126,93.888,93.888,93.899,493122400.86,493122400.86,493122400.86,2041-05-15,3776,7.88,,,7.1,34.04,,2021-10-06,1000,SUR,,,,,RUB,3
TQOB,2021-10-07,ОФЗ 26238,SU26238RMFS4,557,417107126.16,93.502,95.499,95.0,94.899,21.98,94.252,7.74,93.6,442544,94.246,94.246,94.899,413559457.4,413559457.4,413559457.4,2041-05-15,3785,7.82,,,7.1,34.04,,2021-10-07,1000,SUR,,,,,RUB,3
TQOB,2021-10-08,ОФЗ 26238,SU26238RMFS4,395,118876021.9,95.0,96.575,95.398,95.2,22.17,95.314,7.69,95.314,124721,95.314,95.314,95.2,118821648.32,118821648.32,118821648.32,2041-05-15,3804,7.7,,,7.1,34.04,,2021-10-08,1000,SUR,,,,,RUB,3
TQOB,2021-10-11,ОФЗ 26238,SU26238RMFS4,489,135050005.9,94.501,96.34,94.9,94.85,22.76,95.207,7.75,95.398,141961,95.133,95.133,94.85,134034623.13,134034623.13,134034623.13,2041-05-15,3798,7.72,,,7.1,34.04,,2021-10-11,1000,SUR,,,,,RUB,3
TQOB,2021-10-12,ОФЗ 26238,SU26238RMFS4,363,76323696.96,94.55,96.281,94.899,94.899,22.95,94.69,7.75,96.281,80604,94.688,94.688,94.899,76115826.16,76115826.16,76115826.16,2041-05-15,3788,7.77,,,7.1,34.04,,2021-10-12,1000,SUR,,,,,RUB,3
TQOB,2021-10-13,ОФЗ 26238,SU26238RMFS4,331,52180464.25,94.522,95.349,95.2,95.15,23.15,95.113,7.72,95.178,55005,94.862,94.862,95.15,51654055.07,51654055.07,51654055.07,2041-05-15,3794,7.73,,,7.1,34.04,,2021-10-13,1000,SUR,,,,,RUB,3
TQOB,2021-10-14,ОФЗ 26238,SU26238RMFS4,314,803751925.74,94.706,95.99,95.304,95.4,23.34,95.337,7.7,95.245,843064,95.337,95.337,95.4,803664962.74,803664962.74,803664962.74,2041-05-15,3798,7.7,,,7.1,34.04,,2021-10-14,1000,SUR,,,,,RUB,3
TQOB,2021-10-15,ОФЗ 26238,SU26238RMFS4,408,333254245.27,94.859,96.593,95.4,95.15,23.54,95.256,7.69,95.999,349858,95.254,95.254,95.15,332661787.42,332661787.42,332661787.42,2041-05-15,3795,7.71,,,7.1,34.04,,2021-10-15,1000,SUR,,,,,RUB,3
TQOB,2021-10-18,ОФЗ 26238,SU26238RMFS4,455,412855080.79,94.3,96.2,94.779,94.699,24.12,94.885,7.76,95.502,435717,94.753,94.753,94.699,412632527.16,412632527.16,412632527.16,2041-05-15,3786,7.75,,,7.1,34.04,,2021-10-18,1000,SUR,,,,,RUB,3
TQOB,2021-10-19,ОФЗ 26238,SU26238RMFS4,415,731993623.94,94.4,95.398,94.89,94.7,24.31,94.667,7.75,94.4,773083,94.685,94.685,94.7,731678266.37,731678266.37,731678266.37,2041-05-15,3781,7.77,,,7.1,34.04,,2021-10-19,1000,SUR,,,,,RUB,3
TQOB,2021-10-20,ОФЗ 26238,SU26238RMFS4,741,2447241703.68,94.014,95.799,94.5,94.648,24.51,94.44,7.79,94.401,2592204,94.408,94.408,94.648,2445981133.43,2445981133.43,2445981133.43,2041-05-15,3775,7.8,,,7.1,34.04,,2021-10-20,1000,SUR,,,,,RUB,3
TQOB,2021-10-21,ОФЗ 26238,SU26238RMFS4,513,720286469.7,93.701,95.598,93.701,94.08,24.7,94.147,7.88,95.598,766160,94.012,94.012,94.08,719677461.4,719677461.4,719677461.4,2041-05-15,3769,7.83,,,7.1,34.04,,2021-10-21,1000,SUR,,,,,RUB,3
TQOB,2021-10-22,ОФЗ 26238,SU26238RMFS4,1034,3485813585.49,92.88,95.497,93.25,93.398,24.9,93.363,7.93,95.497,3728941,93.48,93.48,93.398,3484853160.68,3484853160.68,3484853160.68,2041-05-15,3755,7.91,,,7.1,34.04,,2021-10-22,1000,SUR,,,,,RUB,3
TQOB,2021-10-25,ОФЗ 26238,SU26238RMFS4,708,277966989.76,92.213,94.887,92.99,92.4,25.48,92.444,7.96,94.0,300512,92.49,92.49,92.4,275950997.31,275950997.31,275950997.31,2041-05-15,3734,8.02,,,7.1,34.04,,2021-10-25,1000,SUR,,,,,RUB,3
TQOB,2021-10-26,ОФЗ 26238,SU26238RMFS4,432,256051891.37,91.902,93.0,92.585,92.398,25.68,92.093,8.0,92.201,278171,92.048,92.048,92.398,256009332.55,256009332.55,256009332.55,2041-05-15,3726,8.06,,,7.1,34.04,,2021-10-26,1000,SUR,,,,,RUB,3
TQOB,2021-10-27,ОФЗ 26238,SU26238RMFS4,358,58134544.32,92.133,93.898,92.5,92.442,25.87,92.26,8.01,92.61,62835,92.518,92.518,92.442,56454571.48,56454571.48,56454571.48,2041-05-15,3728,8.04,,,7.1,34.04,,2021-10-27,1000,SUR,,,,,RUB,3
TQOB,2021-10-28,ОФЗ 26238,SU26238RMFS4,611,976817408.23,91.0,92.929,91.5,91.398,26.06,91.488,8.12,92.5,1067173,91.533,91.533,91.398,976665109.84,976665109.84,976665109.84,2041-05-15,3714,8.12,,,7.1,34.04,,2021-10-28,1000,SUR,,,,,RUB,3
TQOB,2021-10-29,ОФЗ 26238,SU26238RMFS4,304,23991458.75,91.15,92.794,91.35,91.4,26.26,91.389,8.14,91.251,26252,91.388,91.388,91.4,23165919.91,23165919.91,23165919.91,2041-05-15,3712,8.13,,,7.1,34.04,,2021-10-29,1000,SUR,,,,,RUB,3
TQOB,2021-11-01,ОФЗ 26238,SU26238RMFS4,554,228674406.26,89.95,91.946,90.334,90.299,26.84,90.386,8.26,91.946,252690,90.496,90.496,90.299,228077684.81,228077684.81,228077684.81,2041-05-15,3689,8.25,,,7.1,34.04,,2021-11-01,1000,SUR,,,,,RUB,3
TQOB,2021-11-02,ОФЗ 26238,SU26238RMFS4,351,546834225.72,90.0,90.749,90.749,90.449,27.04,90.318,8.21,90.335,604688,90.432,90.432,90.449,546616436.54,546616436.54,546616436.54,2041-05-15,3686,8.26,,,7.1,34.04,,2021-11-02,1000,SUR,,,,,RUB,3
TQOB,2021-11-03,ОФЗ 26238,SU26238RMFS4,216,13425916.96,90.328,90.869,90.404,90.6,27.23,90.65,8.25,90.794,14811,90.73,90.73,90.6,5118061.62,5118061.62,5118061.62,2041-05-15,3692,8.22,,,7.1,34.04,,2021-11-03,1000,SUR,,,,,RUB,3
TQOB,2021-11-05,ОФЗ 26238,SU26238RMFS4,200,1870011.06,90.41,92.0,90.511,90.798,27.62,90.689,8.24,91.0,2062,90.689,90.689,90.798,1724899.92,1724899.92,1724899.92,2041-05-15,3690,8.22,,,7.1,34.04,,2021-11-05,1000,SUR,,,,,RUB,3
TQOB,2021-11-08,ОФЗ 26238,SU26238RMFS4,317,90277428.32,90.511,91.66,91.55,91.302,28.2,91.136,8.12,90.511,99128,91.061,91.061,91.302,88557995.14,88557995.14,88557995.14,2041-05-15,3697,8.16,,,7.1,34.04,,2021-11-08,1000,SUR,,,,,RUB,3
TQOB,2021-11-09,ОФЗ 26238,SU26238RMFS4,326,8163934.39,91.209,92.53,92.484,92.426,28.4,91.997,8.01,91.55,8883,91.77,91.77,92.426,6475283.56,6475283.56,6475283.56,2041-05-15,3711,8.07,,,7.1,34.04,,2021-11-09,1000,SUR,,,,,RUB,3
TQOB,2021-11-10,ОФЗ 26238,SU26238RMFS4,238,106530510.65,92.003,93.1,92.834,92.225,28.59,92.463,7.97,92.478,114875,92.729,92.729,92.225,102682998.21,102682998.21,102682998.21,2041-05-15,3719,8.01,,,7.1,34.04,,2021-11-10,1000,SUR,,,,,RUB,3
TQOB,2021-11-11,ОФЗ 26238,SU26238RMFS4,245,20114200.36,92.021,93.999,92.678,92.619,28.79,92.407,7.99,92.021,21745,92.499,92.499,92.619,19679221.56,19679221.56,19679221.56,2041-05-15,3717,8.02,,,7.1,34.04,,2021-11-11,1000,SUR,,,,,RUB,3
TQOB,2021-11-12,ОФЗ 26238,SU26238RMFS4,264,38965834.57,91.51,92.998,92.213,91.998,28.98,91.849,8.04,92.53,42352,92.004,92.004,91.998,38848621.0,38848621.0,38848621.0,2041-05-15,3706,8.08,,,7.1,34.04,,2021-11-12,1000,SUR,,,,,RUB,3
TQOB,2021-11-15,ОФЗ 26238,SU26238RMFS4,391,338018815.15,90.836,92.699,91.127,90.9,29.57,91.219,8.17,91.754,370316,91.279,91.279,90.9,337799730.89,337799730.89,337799730.89,2041-05-15,3690,8.16,,,7.1,34.04,,2021-11-15,1000,SUR,,,,,RUB,3
TQOB,2021-11-16,ОФЗ 26238,SU26238RMFS4,325,257714795.82,90.471,91.7,90.837,90.798,29.76,90.819,8.2,90.841,283767,90.819,90.819,90.798,256156662.31,256156662.31,256156662.31,2041-05-15,3682,8.2,,,7.1,34.04,,2021-11-16,1000,SUR,,,,,RUB,3
TQOB,2021-11-17,ОФЗ 26238,SU26238RMFS4,162,60183174.37,90.093,91.515,90.985,91.196,29.96,90.996,8.18,90.8,66160,90.966,90.966,91.196,60131299.94,60131299.94,60131299.94,2041-05-15,3684,8.18,,,7.1,34.04,,2021-11-17,1000,SUR,,,,,RUB,3
TQOB,2021-11-18,ОФЗ 26238,SU26238RMFS4,171,16591817.17,90.124,91.003,90.317,90.499,30.15,90.681,8.26,90.985,18297,90.682,90.682,90.499,16498703.49,16498703.49,16498703.49,2041-05-15,3677,8.22,,,7.1,34.04,,2021-11-18,1000,SUR,,,,,RUB,3
TQOB,2021-11-19,ОФЗ 26238,SU26238RMFS4,176,52883151.9,90.082,90.678,90.347,90.343,30.34,90.338,8.26,90.304,58539,90.339,90.339,90.343,52773192.73,52773192.73,52773192.73,2041-05-15,3669,8.26,,,7.1,34.04,,2021-11-19,1000,SUR,,,,,RUB,3
TQOB,2021-11-22,ОФЗ 26238,SU26238RMFS4,508,32451708.97,88.453,90.35,88.526,88.896,30.93,89.352,8.47,90.101,36319,89.358,89.358,88.896,32107282.38,32107282.38,32107282.38,2041-05-15,3648,8.37,,,7.1,34.04,,2021-11-22,1000,SUR,,,,,RUB,3
TQOB,2021-11-23,ОФЗ 26238,SU26238RMFS4,285,22270599.64,88.25,90.398,88.952,88.453,31.12,88.29,8.42,90.0,25123,88.591,88.591,88.453,19573349.24,19573349.24,19573349.24,2041-05-15,3626,8.5,,,7.1,34.04,,2021-11-23,1000,SUR,,,,,RUB,3
TQOB,2021-11-24,ОФЗ 26238,SU26238RMFS4,172,27076575.06,88.664,94.0,89.36,89.2,31.32,89.173,8.37,89.8,30364,89.145,89.145,89.2,21526621.92,21526621.92,21526621.92,2041-05-15,3643,8.39,,,7.1,34.04,,2021-11-24,1000,SUR,,,,,RUB,3
TQOB,2021-11-25,ОФЗ 26238,SU26238RMFS4,223,404511454.48,89.063,90.463,90.35,90.389,31.51,89.697,8.26,89.999,450480,89.796,89.796,90.389,404408528.22,404408528.22,404408528.22,2041-05-15,3652,8.33,,,7.1,34.04,,2021-11-25,1000,SUR,,,,,RUB,3
TQOB,2021-11-26,ОФЗ 26238,SU26238RMFS4,215,193788182.09,89.101,90.299,89.8,89.999,31.71,89.705,8.32,90.299,216029,89.705,89.705,89.999,193527732.21,193527732.21,193527732.21,2041-05-15,3651,8.33,,,7.1,34.04,,2021-11-26,1000,SUR,,,,,RUB,3
TQOB,2021-11-29,ОФЗ 26238,SU26238RMFS4,283,821624526.72,89.802,92.0,90.738,90.542,32.29,90.499,8.21,89.802,908781,90.409,90.409,90.542,821435210.32,821435210.32,821435210.32,2041-05-15,3662,8.24,,,7.1,34.04,,2021-11-29,1000,SUR,,,,,RUB,3
TQOB,2021-11-30,ОФЗ 26238,SU26238RMFS4,290,279977233.71,89.49,91.494,90.0,90.244,32.48,89.843,8.3,90.739,311814,89.787,89.787,90.244,275710469.43,275710469.43,275710469.43,2041-05-15,3650,8.31,,,7.1,34.04,,2021-11-30,1000,SUR,,,,,RUB,3
TQOB,2021-12-01,ОФЗ 26238,SU26238RMFS4,282,212824856.17,89.012,91.0,89.125,89.699,32.68,89.939,8.4,90.999,237222,89.718,89.718,89.699,210567315.13,210567315.13,210567315.13,2041-05-15,3650,8.3,,,7.1,34.04,,2021-12-01,1000,SUR,,,,,RUB,3
TQOB,2021-12-02,ОФЗ 26238,SU26238RMFS4,180,6478375.66,88.9,90.436,89.666,89.539,32.87,89.111,8.34,89.001,7270,89.107,89.107,89.539,6427259.49,6427259.49,6427259.49,2041-05-15,3633,8.4,,,7.1,34.04,,2021-12-02,1000,SUR,,,,,RUB,3
TQOB,2021-12-03,ОФЗ 26238,SU26238RMFS4,170,2738792.33,89.005,90.988,89.616,89.472,33.07,89.474,8.34,89.666,3061,89.468,89.468,89.472,2651841.7,2651841.7,2651841.7,2041-05-15,3639,8.36,,,7.1,34.04,,2021-12-03,1000,SUR,,,,,RUB,3
TQOB,2021-12-06,ОФЗ 26238,SU26238RMFS4,270,26089341.17,88.3,90.989,88.678,88.674,33.65,89.133,8.45,89.619,29485,88.489,88.489,88.674,25083128.71,25083128.71,25083128.71,2041-05-15,3629,8.4,,,7.1,34.04,,2021-12-06,1000,SUR,,,,,RUB,3
TQOB,2021-12-07,ОФЗ 26238,SU26238RMFS4,311,14127568.16,87.99,89.972,88.738,88.397,33.85,88.341,8.45,89.969,15992,88.332,88.332,88.397,13252393.27,13252393.27,13252393.27,2041-05-15,3613,8.49,,,7.1,34.04,,2021-12-07,1000,SUR,,,,,RUB,3
TQOB,2021-12-08,ОФЗ 26238,SU26238RMFS4,422,28387761.93,88.002,89.894,88.626,88.24,0.0,88.488,8.46,88.257,32109,88.567,88.567,88.24,10181623.14,10181623.14,10181623.14,2041-05-15,3753,8.48,,,7.1,34.04,,2021-12-08,1000,SUR,,,,,RUB,3
TQOB,2021-12-09,ОФЗ 26238,SU26238RMFS4,171,444989437.46,88.402,89.599,89.1,88.888,0.19,88.837,8.4,88.795,500932,88.832,88.832,88.888,444449084.61,444449084.61,444449084.61,2041-05-15,3760,8.43,,,7.1,35.4,,2021-12-09,1000,SUR,,,,,RUB,3
TQOB,2021-12-10,ОФЗ 26238,SU26238RMFS4,295,907579854.42,88.68,89.17,89.1,88.9,0.39,88.851,8.4,89.1,1021434,88.853,88.853,88.9,906994364.17,906994364.17,906994364.17,2041-05-15,3759,8.43,,,7.1,35.4,,2021-12-10,1000,SUR,,,,,RUB,3
TQOB,2021-12-13,ОФЗ 26238,SU26238RMFS4,262,283284307.8,88.102,91.985,88.106,88.546,0.97,88.605,8.52,91.0,319882,88.561,88.561,88.546,281608386.31,281608386.31,281608386.31,2041-05-15,3751,8.46,,,7.1,35.4,,2021-12-13,1000,SUR,,,,,RUB,3
TQOB,2021-12-14,ОФЗ 26238,SU26238RMFS4,381,1256948806.56,87.601,88.498,88.494,88.27,1.17,88.133,8.47,88.498,1426604,88.108,88.108,88.27,1256838503.14,1256838503.14,1256838503.14,2041-05-15,3741,8.52,,,7.1,35.4,,2021-12-14,1000,SUR,,,,,RUB,3
TQOB,2021-12-15,ОФЗ 26238,SU26238RMFS4,210,2111623768.7,88.085,90.0,88.341,88.227,1.36,88.28,8.49,88.494,2391976,88.279,88.279,88.227,2111304444.07,2111304444.07,2111304444.07,2041-05-15,3743,8.5,,,7.1,35.4,,2021-12-15,1000,SUR,,,,,RUB,3
TQOB,2021-12-16,ОФЗ 26238,SU26238RMFS4,240,486342160.48,88.498,89.111,88.919,88.85,1.56,88.788,8.42,88.898,547892,88.766,88.766,88.85,486210558.08,486210558.08,486210558.08,2041-05-15,3751,8.44,,,7.1,35.4,,2021-12-16,1000,SUR,,,,,RUB,3
TQOB,2021-12-17,ОФЗ 26238,SU26238RMFS4,317,460394221.75,88.642,89.72,89.72,89.301,1.75,89.253,8.33,88.92,515831,89.253,89.253,89.301,460009595.45,460009595.45,460009595.45,2041-05-15,3758,8.39,,,7.1,35.4,,2021-12-17,1000,SUR,,,,,RUB,3
TQOB,2021-12-20,ОФЗ 26238,SU26238RMFS4,430,507168379.27,89.4,91.098,89.649,89.499,2.33,89.669,8.34,90.0,565601,89.669,89.669,89.499,506909297.43,506909297.43,506909297.43,2041-05-15,3763,8.34,,,7.1,35.4,,2021-12-20,1000,SUR,,,,,RUB,3
TQOB,2021-12-21,ОФЗ 26238,SU26238RMFS4,679,951775525.59,88.834,89.8,89.096,89.049,2.53,89.331,8.4,89.648,1065445,89.331,89.331,89.049,951505506.84,951505506.84,951505506.84,2041-05-15,3756,8.38,,,7.1,35.4,,2021-12-21,1000,SUR,,,,,RUB,3
TQOB,2021-12-22,ОФЗ 26238,SU26238RMFS4,303,1459926742.24,88.772,89.647,88.899,88.95,2.72,88.998,8.43,89.237,1640624,88.986,88.986,88.95,1457978072.05,1457978072.05,1457978072.05,2041-05-15,3748,8.42,,,7.1,35.4,,2021-12-22,1000,SUR,,,,,RUB,3
TQOB,2021-12-23,ОФЗ 26238,SU26238RMFS4,334,1292428162.17,88.751,89.997,89.131,88.841,2.92,88.851,8.4,89.997,1454346,88.867,88.867,88.841,1292331195.94,1292331195.94,1292331195.94,2041-05-15,3746,8.43,,,7.1,35.4,,2021-12-23,1000,SUR,,,,,RUB,3
TQOB,2021-12-24,ОФЗ 26238,SU26238RMFS4,284,610343250.67,88.85,89.997,89.147,88.9,3.11,88.883,8.4,89.997,686678,88.883,88.883,88.9,610185516.67,610185516.67,610185516.67,2041-05-15,3745,8.43,,,7.1,35.4,,2021-12-24,1000,SUR,,,,,RUB,3
TQOB,2021-12-27,ОФЗ 26238,SU26238RMFS4,618,878931814.96,88.681,89.298,89.115,88.9,3.7,88.895,8.4,89.147,988669,88.9,88.9,88.9,878329786.76,878329786.76,878329786.76,2041-05-15,3742,8.43,,,7.1,35.4,,2021-12-27,1000,SUR,,,,,RUB,3
TQOB,2021-12-28,ОФЗ 26238,SU26238RMFS4,413,1190166207.69,88.81,89.277,89.147,89.0,3.89,89.024,8.4,89.197,1336926,89.023,89.023,89.0,1189641338.51,1189641338.51,1189641338.51,2041-05-15,3744,8.41,,,7.1,35.4,,2021-12-28,1000,SUR,,,,,RUB,3
TQOB,2021-12-29,ОФЗ 26238,SU26238RMFS4,709,431352919.29,88.8,89.65,89.25,88.9,4.08,88.945,8.39,89.186,484965,88.927,88.927,88.9,414806853.61,414806853.61,414806853.61,2041-05-15,3741,8.42,,,7.1,35.4,,2021-12-29,1000,SUR,,,,,RUB,3
TQOB,2021-12-30,ОФЗ 26238,SU26238RMFS4,339,288976886.91,88.8,89.36,89.114,89.1,4.28,89.05,8.4,89.25,324510,89.05,89.05,89.1,287240181.98,287240181.98,287240181.98,2041-05-15,3742,8.41,,,7.1,35.4,,2021-12-30,1000,SUR,,,,,RUB,3
