BOARDID,TRADEDATE,SHORTNAME,SECID,NUMTRADES,VALUE,OPEN,LOW,HIGH,LEGALCLOSEPRICE,WAPRICE,CLOSE,VOLUME,MARKETPRICE2,MARKETPRICE3,ADMITTEDQUOTE,MP2VALTRD,MARKETPRICE3TRADESVALUE,ADMITTEDVALUE,WAVAL,TRADINGSESSION
TQBR,2019-10-28,TCS-гдр,TCSG,3420,245462320.4,1186.0,1186.0,1212.0,1206.0,1198.8,1206.0,204766,1198.8,1198.8,1206.0,245462320.4,245462320.4,245462320.4,,3
TQBR,2019-10-29,TCS-гдр,TCSG,1923,82888163.2,1202.0,1200.2,1226.0,1219.8,1212.2,1219.8,68382,1212.2,1212.2,1219.8,82888163.2,82888163.2,82888163.2,,3
TQBR,2019-10-30,TCS-гдр,TCSG,1395,44656578.0,1225.0,1212.8,1227.0,1217.0,1217.2,1217.0,36691,1217.0,1217.0,1217.0,44656578.0,44656578.0,44656578.0,,3
TQBR,2019-10-31,TCS-гдр,TCSG,778,23469279.2,1221.4,1210.2,1223.8,1216.0,1214.4,1216.0,19326,1214.4,1214.4,1216.0,23469279.2,23469279.2,23469279.2,,3
TQBR,2019-11-01,TCS-гдр,TCSG,826,20215418.4,1218.4,1212.6,1219.0,1214.0,1216.0,1214.0,16625,1216.0,1216.0,1214.0,20215418.4,20215418.4,20215418.4,,3
TQBR,2019-11-05,TCS-гдр,TCSG,1423,73869925.4,1217.8,1197.4,1220.0,1198.0,1204.2,1198.0,61347,1204.2,1204.2,1198.0,73869925.4,73869925.4,73869925.4,,3
TQBR,2019-11-06,TCS-гдр,TCSG,789,26181538.0,1209.8,1190.0,1214.0,1209.8,1205.6,1208.6,21717,1205.6,1205.6,1209.8,26181538.0,26181538.0,26181538.0,,3
TQBR,2019-11-07,TCS-гдр,TCSG,764,46531750.0,1220.0,1201.2,1225.8,1225.8,1217.4,1225.8,38222,1217.4,1217.4,1225.8,46531750.0,46531750.0,46531750.0,,3
TQBR,2019-11-08,TCS-гдр,TCSG,1007,24803493.0,1226.2,1216.0,1251.2,1221.2,1225.0,1222.8,20250,1224.8,1224.8,1221.2,24803493.0,24803493.0,24803493.0,,3
TQBR,2019-11-11,TCS-гдр,TCSG,511,8679139.2,1229.8,1216.2,1230.0,1222.0,1223.4,1222.0,7094,1223.4,1223.4,1222.0,8679139.2,8679139.2,8679139.2,,3
TQBR,2019-11-12,TCS-гдр,TCSG,647,33690928.2,1228.0,1223.4,1242.0,1235.6,1230.0,1235.6,27393,1230.0,1230.0,1235.6,33690928.2,33690928.2,33690928.2,,3
TQBR,2019-11-13,TCS-гдр,TCSG,691,41660630.2,1248.6,1231.6,1248.6,1239.4,1238.4,1239.4,33644,1238.2,1238.2,1239.4,41660630.2,41660630.2,41660630.2,,3
TQBR,2019-11-14,TCS-гдр,TCSG,1430,106614107.0,1248.6,1235.2,1276.4,1261.2,1260.2,1261.2,84600,1260.2,1260.2,1261.2,106614107.0,106614107.0,106614107.0,,3
TQBR,2019-11-15,TCS-гдр,TCSG,862,42369663.2,1276.0,1249.2,1312.4,1250.0,1256.8,1250.0,33713,1256.8,1256.8,1250.0,42369663.2,42369663.2,42369663.2,,3
TQBR,2019-11-18,TCS-гдр,TCSG,889,55223550.4,1274.8,1250.2,1275.8,1253.0,1257.2,1255.0,43925,1257.2,1257.2,1253.0,55223550.4,55223550.4,55223550.4,,3
TQBR,2019-11-19,TCS-гдр,TCSG,2150,160804778.4,1274.0,1235.6,1274.0,1241.0,1251.2,1241.0,128523,1251.2,1251.2,1241.0,160804778.4,160804778.4,160804778.4,,3
TQBR,2019-11-20,TCS-гдр,TCSG,3524,154871162.0,1250.0,1215.0,1252.0,1215.8,1229.0,1215.8,126020,1229.0,1229.0,1215.8,154871162.0,154871162.0,154871162.0,,3
TQBR,2019-11-21,TCS-гдр,TCSG,1779,77120138.4,1219.8,1206.0,1221.4,1210.8,1215.4,1210.8,63452,1215.4,1215.4,1210.8,77120138.4,77120138.4,77120138.4,,3
TQBR,2019-11-22,TCS-гдр,TCSG,2087,96602649.2,1219.4,1196.4,1219.6,1202.0,1204.4,1202.0,80217,1204.2,1204.2,1202.0,96602649.2,96602649.2,96602649.2,,3
TQBR,2019-11-25,TCS-гдр,TCSG,1611,62798726.0,1209.2,1200.8,1220.2,1206.0,1206.2,1206.0,52066,1206.2,1206.2,1206.0,62798726.0,62798726.0,62798726.0,,3
TQBR,2019-11-26,TCS-гдр,TCSG,1847,154526592.0,1207.2,1197.0,1212.0,1197.8,1205.2,1199.4,128226,1205.2,1205.2,1197.8,154526592.0,154526592.0,154526592.0,,3
TQBR,2019-11-27,TCS-гдр,TCSG,1249,85051236.6,1208.0,1199.8,1208.2,1203.0,1204.0,1203.0,70640,1204.0,1204.0,1203.0,85051236.6,85051236.6,85051236.6,,3
TQBR,2019-11-28,TCS-гдр,TCSG,1517,140420088.4,1207.6,1191.0,1207.6,1194.2,1198.0,1194.2,117215,1198.0,1198.0,1194.2,140420088.4,140420088.4,140420088.4,,3
TQBR,2019-11-29,TCS-гдр,TCSG,2003,104009952.6,1204.6,1174.6,1205.0,1185.8,1184.0,1185.8,87847,1184.0,1184.0,1185.8,104009952.6,104009952.6,104009952.6,,3
TQBR,2019-12-02,TCS-гдр,TCSG,1646,73634677.0,1177.0,1174.8,1199.6,1176.0,1180.8,1176.4,62359,1180.8,1180.8,1176.0,73634677.0,73634677.0,73634677.0,,3
TQBR,2019-12-03,TCS-гдр,TCSG,3111,146725827.4,1161.0,1130.0,1179.8,1133.0,1153.6,1133.0,127204,1153.4,1153.4,1133.0,146725827.4,146725827.4,146725827.4,,3
TQBR,2019-12-04,TCS-гдр,TCSG,1439,38587988.4,1135.0,1126.6,1140.0,1140.0,1134.8,1140.0,34008,1134.6,1134.6,1140.0,38587988.4,38587988.4,38587988.4,,3
TQBR,2019-12-05,TCS-гдр,TCSG,1538,83154006.4,1144.6,1137.2,1174.2,1167.8,1154.8,1167.8,72013,1154.8,1154.8,1167.8,83154006.4,83154006.4,83154006.4,,3
TQBR,2019-12-06,TCS-гдр,TCSG,1996,147879936.0,1169.8,1167.0,1192.0,1186.2,1182.0,1186.2,125107,1182.0,1182.0,1186.2,147879936.0,147879936.0,147879936.0,,3
TQBR,2019-12-09,TCS-гдр,TCSG,2668,108597979.0,1207.8,1180.4,1230.0,1228.4,1210.6,1228.4,89712,1210.6,1210.6,1228.4,108597979.0,108597979.0,108597979.0,,3
TQBR,2019-12-10,TCS-гдр,TCSG,2907,195496159.6,1230.0,1221.0,1248.0,1238.8,1235.4,1238.8,158239,1235.4,1235.4,1238.8,195496159.6,195496159.6,195496159.6,,3
TQBR,2019-12-11,TCS-гдр,TCSG,3126,128517597.0,1243.0,1219.0,1264.8,1234.8,1250.2,1234.8,102807,1250.0,1250.0,1234.8,128517597.0,128517597.0,128517597.0,,3
TQBR,2019-12-12,TCS-гдр,TCSG,2012,217107686.6,1244.0,1224.2,1245.0,1235.0,1233.4,1235.0,176037,1233.4,1233.4,1235.0,217107686.6,217107686.6,217107686.6,,3
TQBR,2019-12-13,TCS-гдр,TCSG,1899,115487374.4,1249.0,1204.4,1257.8,1257.2,1247.8,1257.2,92558,1247.8,1247.8,1257.2,115487374.4,115487374.4,115487374.4,,3
TQBR,2019-12-16,TCS-гдр,TCSG,3442,313549093.2,1266.0,1251.0,1305.0,1300.0,1282.8,1300.0,244473,1282.6,1282.6,1300.0,313549093.2,313549093.2,313549093.2,,3
TQBR,2019-12-17,TCS-гдр,TCSG,3694,117629369.0,1304.8,1290.8,1314.0,1299.6,1300.6,1299.6,90448,1300.6,1300.6,1299.6,117629369.0,117629369.0,117629369.0,,3
TQBR,2019-12-18,TCS-гдр,TCSG,3376,154609998.8,1308.8,1301.4,1327.6,1322.4,1318.0,1322.4,117307,1318.0,1318.0,1322.4,154609998.8,154609998.8,154609998.8,,3
TQBR,2019-12-19,TCS-гдр,TCSG,4257,265925358.0,1325.8,1317.4,1340.0,1340.0,1328.6,1340.0,200152,1328.6,1328.6,1340.0,265925358.0,265925358.0,265925358.0,,3
TQBR,2019-12-20,TCS-гдр,TCSG,9286,240208094.0,1333.8,1285.0,1333.8,1285.6,1308.6,1285.6,183508,1309.0,1309.0,1285.6,240208094.0,240208094.0,240208094.0,,3
TQBR,2019-12-23,TCS-гдр,TCSG,4027,73997952.4,1285.6,1285.6,1309.6,1304.6,1300.0,1304.6,56853,1301.6,1301.6,1304.6,73997952.4,73997952.4,73997952.4,,3
TQBR,2019-12-24,TCS-гдр,TCSG,1914,55664494.6,1302.0,1300.0,1310.0,1310.0,1304.2,1310.0,42682,1304.2,1304.2,1310.0,55664494.6,55664494.6,55664494.6,,3
TQBR,2019-12-25,TCS-гдр,TCSG,1701,47212737.2,1313.0,1300.0,1346.0,1313.8,1305.0,1313.8,36177,1305.0,1305.0,1313.8,47212737.2,47212737.2,47212737.2,,3
TQBR,2019-12-26,TCS-гдр,TCSG,2114,33651797.8,1301.0,1281.0,1310.0,1305.0,1302.6,1305.0,25835,1302.6,1302.6,1305.0,33651797.8,33651797.8,33651797.8,,3
TQBR,2019-12-27,TCS-гдр,TCSG,2767,86062830.0,1319.8,1295.2,1339.0,1308.6,1306.8,1308.6,65864,1306.6,1306.6,1308.6,86062830.0,86062830.0,86062830.0,,3
TQBR,2019-12-30,TCS-гдр,TCSG,1641,49835201.8,1317.0,1301.4,1335.8,1311.2,1307.4,1311.2,38121,1307.2,1307.2,1311.2,49835201.8,49835201.8,49835201.8,,3
TQBR,2020-01-03,TCS-гдр,TCSG,3586,115661375.8,1317.2,1317.2,1353.0,1332.4,1344.4,1332.4,86037,1344.4,1344.4,1332.4,115661375.8,115661375.8,115661375.8,,3
TQBR,2020-01-06,TCS-гдр,TCSG,2497,71864157.0,1340.0,1312.0,1349.4,1322.8,1321.2,1322.8,54394,1321.2,1321.2,1322.8,71864157.0,71864157.0,71864157.0,,3
TQBR,2020-01-08,TCS-гдр,TCSG,2191,92213837.2,1315.2,1312.4,1350.2,1350.2,1334.4,1350.2,69111,1334.2,1334.2,1350.2,92213837.2,92213837.2,92213837.2,,3
TQBR,2020-01-09,TCS-гдр,TCSG,2898,88277620.0,1350.2,1333.8,1368.0,1366.8,1357.6,1366.8,65027,1357.6,1357.6,1366.8,88277620.0,88277620.0,88277620.0,,3
TQBR,2020-01-10,TCS-гдр,TCSG,4188,101292419.2,1355.2,1355.0,1401.0,1398.4,1381.0,1398.4,73345,1381.0,1381.0,1398.4,101292419.2,101292419.2,101292419.2,,3
TQBR,2020-01-13,TCS-гдр,TCSG,19068,438536040.0,1384.6,1384.4,1434.4,1426.4,1417.2,1426.4,309449,1417.2,1417.2,1426.4,438536040.0,438536040.0,438536040.0,,3
TQBR,2020-01-14,TCS-гдр,TCSG,15924,580256288.8,1440.8,1405.2,1450.0,1426.4,1433.2,1426.4,405080,1432.4,1432.4,1426.4,580256288.8,580256288.8,580256288.8,,3
TQBR,2020-01-15,TCS-гдр,TCSG,15441,634969550.0,1437.4,1414.8,1473.2,1453.8,1446.0,1453.8,439150,1446.0,1446.0,1453.8,634969550.0,634969550.0,634969550.0,,3
TQBR,2020-01-16,TCS-гдр,TCSG,33308,1024086305.4,1470.0,1441.2,1490.2,1452.0,1470.8,1452.0,696392,1470.6,1470.6,1452.0,1024086305.4,1024086305.4,1024086305.4,,3
TQBR,2020-01-17,TCS-гдр,TCSG,7500,252639893.0,1451.0,1444.4,1467.0,1465.2,1456.8,1465.2,173432,1456.8,1456.8,1465.2,252639893.0,252639893.0,252639893.0,,3
TQBR,2020-01-20,TCS-гдр,TCSG,7718,252606195.8,1490.0,1451.8,1490.0,1473.2,1472.4,1473.2,171556,1472.4,1472.4,1473.2,252606195.8,252606195.8,252606195.8,,3
TQBR,2020-01-21,TCS-гдр,TCSG,12564,423936712.6,1472.0,1437.2,1472.6,1448.0,1458.4,1448.0,290698,1458.4,1458.4,1448.0,423936712.6,423936712.6,423936712.6,,3
TQBR,2020-01-22,TCS-гдр,TCSG,16575,502084768.0,1460.6,1442.8,1467.6,1444.8,1449.4,1444.8,346407,1449.4,1449.4,1444.8,502084768.0,502084768.0,502084768.0,,3
TQBR,2020-01-23,TCS-гдр,TCSG,22819,484650518.2,1440.0,1420.2,1458.4,1436.4,1446.4,1436.4,335086,1446.4,1446.4,1436.4,484650518.2,484650518.2,484650518.2,,3
TQBR,2020-01-24,TCS-гдр,TCSG,11335,356550698.0,1438.4,1426.2,1467.8,1437.4,1443.4,1437.4,247016,1443.4,1443.4,1437.4,356550698.0,356550698.0,356550698.0,,3
TQBR,2020-01-27,TCS-гдр,TCSG,7799,353877184.0,1427.6,1386.0,1439.2,1399.2,1420.8,1399.2,249092,1420.6,1420.6,1399.2,353877184.0,353877184.0,353877184.0,,3
TQBR,2020-01-28,TCS-гдр,TCSG,6452,265314586.4,1391.2,1391.2,1456.6,1450.0,1430.2,1450.0,185645,1429.2,1429.2,1450.0,265314586.4,265314586.4,265314586.4,,3
TQBR,2020-01-29,TCS-гдр,TCSG,7614,332725656.8,1473.2,1428.4,1476.8,1468.0,1446.4,1468.0,230034,1446.4,1446.4,1468.0,332725656.8,332725656.8,332725656.8,,3
TQBR,2020-01-30,TCS-гдр,TCSG,1838,74935761.8,1477.6,1444.0,1487.2,1486.2,1472.0,1486.2,50912,1471.8,1471.8,1486.2,74935761.8,74935761.8,74935761.8,,3
TQBR,2020-01-31,TCS-гдр,TCSG,5168,137454008.6,1490.0,1470.0,1527.8,1515.0,1507.8,1515.0,91160,1507.8,1507.8,1515.0,137454008.6,137454008.6,137454008.6,,3
TQBR,2020-02-03,TCS-гдр,TCSG,8270,306691554.0,1520.4,1484.2,1565.0,1545.0,1542.0,1545.0,198887,1542.0,1542.0,1545.0,306691554.0,306691554.0,306691554.0,,3
TQBR,2020-02-04,TCS-гдр,TCSG,6985,342655459.8,1567.0,1545.4,1616.8,1590.4,1589.4,1590.4,215604,1589.2,1589.2,1590.4,342655459.8,342655459.8,342655459.8,,3
TQBR,2020-02-05,TCS-гдр,TCSG,15926,579400283.0,1609.6,1592.6,1656.6,1635.2,1626.8,1635.2,356181,1626.8,1626.8,1635.2,579400283.0,579400283.0,579400283.0,,3
TQBR,2020-02-06,TCS-гдр,TCSG,9556,361656962.2,1660.0,1632.4,1676.8,1645.2,1653.4,1645.2,218745,1653.4,1653.4,1645.2,361656962.2,361656962.2,361656962.2,,3
TQBR,2020-02-07,TCS-гдр,TCSG,5334,231905363.4,1650.0,1638.8,1670.0,1662.0,1658.8,1662.0,139804,1658.8,1658.8,1662.0,231905363.4,231905363.4,231905363.4,,3
TQBR,2020-02-10,TCS-гдр,TCSG,7206,296210206.6,1673.6,1661.0,1699.8,1670.6,1680.6,1670.6,176483,1678.4,1678.4,1670.6,296210206.6,296210206.6,296210206.6,,3
TQBR,2020-02-11,TCS-гдр,TCSG,7855,305525477.4,1690.0,1654.2,1698.0,1684.8,1669.4,1684.8,182803,1671.4,1671.4,1684.8,305525477.4,305525477.4,305525477.4,,3
TQBR,2020-02-12,TCS-гдр,TCSG,5960,159489298.4,1699.6,1648.0,1699.6,1671.6,1662.0,1671.6,95963,1662.0,1662.0,1671.6,159489298.4,159489298.4,159489298.4,,3
TQBR,2020-02-13,TCS-гдр,TCSG,3440,121033651.2,1671.0,1652.2,1680.0,1657.8,1661.6,1657.8,72840,1661.6,1661.6,1657.8,121033651.2,121033651.2,121033651.2,,3
TQBR,2020-02-14,TCS-гдр,TCSG,5498,146837009.4,1665.8,1615.2,1673.6,1650.0,1637.6,1650.0,89670,1637.6,1637.6,1650.0,146837009.4,146837009.4,146837009.4,,3
TQBR,2020-02-17,TCS-гдр,TCSG,5714,207440521.2,1638.8,1600.0,1639.4,1610.2,1609.8,1610.2,128859,1609.8,1609.8,1610.2,207440521.2,207440521.2,207440521.2,,3
TQBR,2020-02-18,TCS-гдр,TCSG,4618,144801298.0,1601.0,1590.2,1636.0,1604.0,1609.8,1604.0,89952,1609.8,1609.8,1604.0,144801298.0,144801298.0,144801298.0,,3
TQBR,2020-02-19,TCS-гдр,TCSG,2595,88413297.0,1615.8,1600.2,1624.8,1624.8,1611.0,1624.8,54883,1611.0,1611.0,1624.8,88413297.0,88413297.0,88413297.0,,3
TQBR,2020-02-20,TCS-гдр,TCSG,3871,147085540.2,1628.0,1619.2,1663.8,1644.4,1652.2,1644.4,89189,1649.2,1649.2,1644.4,147085540.2,147085540.2,147085540.2,,3
TQBR,2020-02-21,TCS-гдр,TCSG,3757,118054821.6,1641.8,1611.2,1659.0,1631.6,1635.0,1631.6,72203,1635.0,1635.0,1631.6,118054821.6,118054821.6,118054821.6,,3
TQBR,2020-02-25,TCS-гдр,TCSG,6215,242154694.0,1580.0,1551.0,1614.8,1590.6,1596.4,1590.6,151916,1594.0,1594.0,1590.6,242154694.0,242154694.0,242154694.0,,3
TQBR,2020-02-26,TCS-гдр,TCSG,10445,535995299.0,1567.0,1511.2,1602.0,1595.2,1562.4,1595.2,343060,1562.4,1562.4,1595.2,535995299.0,535995299.0,535995299.0,,3
TQBR,2020-02-27,TCS-гдр,TCSG,6851,297493671.8,1573.0,1530.0,1615.8,1551.0,1555.6,1551.0,190779,1559.4,1559.4,1551.0,297493671.8,297493671.8,297493671.8,,3
TQBR,2020-02-28,TCS-гдр,TCSG,12426,602815782.6,1500.0,1361.0,1530.0,1474.2,1446.8,1474.2,416136,1448.6,1448.6,1474.2,602815782.6,602815782.6,602815782.6,,3
TQBR,2020-03-02,TCS-гдр,TCSG,19689,658290013.0,1448.6,1371.0,1514.2,1437.4,1432.2,1437.4,459641,1432.2,1432.2,1437.4,658290013.0,658290013.0,658290013.0,,3
TQBR,2020-03-03,TCS-гдр,TCSG,10778,341249869.8,1420.0,1375.0,1441.6,1419.6,1398.6,1419.6,244012,1398.4,1398.4,1419.6,341249869.8,341249869.8,341249869.8,,3
TQBR,2020-03-04,TCS-гдр,TCSG,10258,288174090.6,1401.4,1345.8,1462.4,1454.4,1419.2,1454.4,203070,1419.0,1419.0,1454.4,288174090.6,288174090.6,288174090.6,,3
TQBR,2020-03-05,TCS-гдр,TCSG,8934,288305074.2,1524.0,1432.2,1524.0,1482.0,1463.4,1482.0,197018,1463.4,1463.4,1482.0,288305074.2,288305074.2,288305074.2,,3
TQBR,2020-03-06,TCS-гдр,TCSG,37485,1103894806.8,1400.4,1053.4,1427.2,1116.6,1227.0,1116.6,899771,1226.8,1226.8,1116.6,1103894806.8,1103894806.8,1103894806.8,,3
TQBR,2020-03-10,TCS-гдр,TCSG,31145,713542525.6,1005.0,952.0,1220.2,1131.0,1139.2,1131.0,626347,1139.2,1139.2,1131.0,713542525.6,713542525.6,713542525.6,,3
TQBR,2020-03-11,TCS-гдр,TCSG,30260,1007486684.8,1157.8,1125.0,1250.0,1167.2,1192.2,1167.2,846021,1190.8,1190.8,1167.2,1007486684.8,1007486684.8,1007486684.8,,3
TQBR,2020-03-12,TCS-гдр,TCSG,29263,617180911.0,1083.0,960.6,1145.4,960.6,1047.6,960.6,593342,1040.2,1040.2,960.6,617180911.0,617180911.0,617180911.0,,3
TQBR,2020-03-13,TCS-гдр,TCSG,22221,473681493.2,989.0,910.4,1088.0,1045.0,1034.2,1045.0,458034,1034.2,1034.2,1045.0,473681493.2,473681493.2,473681493.2,,3
TQBR,2020-03-16,TCS-гдр,TCSG,16006,428075667.0,1017.2,956.0,1057.0,1010.8,999.2,1010.8,428438,999.2,999.2,1010.8,428075667.0,428075667.0,428075667.0,,3
TQBR,2020-03-17,TCS-гдр,TCSG,13125,297331085.2,1000.2,920.0,1029.0,934.6,965.4,934.6,307974,965.4,965.4,934.6,297331085.2,297331085.2,297331085.2,,3
TQBR,2020-03-18,TCS-гдр,TCSG,17055,419147593.0,939.8,851.4,939.8,873.8,892.2,873.8,469827,892.2,892.2,873.8,419147593.0,419147593.0,419147593.0,,3
TQBR,2020-03-19,TCS-гдр,TCSG,20393,376861953.2,894.0,810.0,945.0,934.0,883.4,934.0,426633,883.4,883.4,934.0,376861953.2,376861953.2,376861953.2,,3
TQBR,2020-03-20,TCS-гдр,TCSG,13395,327912713.4,980.4,958.0,1021.6,987.0,984.8,987.0,333010,984.6,984.6,987.0,327912713.4,327912713.4,327912713.4,,3
TQBR,2020-03-23,TCS-гдр,TCSG,10911,399579004.8,945.0,890.4,966.0,924.2,923.8,924.2,432353,924.2,924.2,924.2,399579004.8,399579004.8,399579004.8,,3
TQBR,2020-03-24,TCS-гдр,TCSG,11099,290615870.4,972.0,934.6,1010.0,951.6,959.4,951.6,302922,959.4,959.4,951.6,290615870.4,290615870.4,290615870.4,,3
TQBR,2020-03-25,TCS-гдр,TCSG,16428,398977334.4,996.0,936.2,1030.0,960.4,982.4,960.4,406139,982.4,982.4,960.4,398977334.4,398977334.4,398977334.4,,3
TQBR,2020-03-26,TCS-гдр,TCSG,12687,320825014.8,955.0,913.6,975.0,940.0,933.8,940.0,343304,934.6,934.6,940.0,320825014.8,320825014.8,320825014.8,,3
TQBR,2020-03-27,TCS-гдр,TCSG,13235,184275917.6,939.0,882.0,970.0,882.0,910.4,882.0,202418,910.4,910.4,882.0,184275917.6,184275917.6,184275917.6,,3
TQBR,2020-03-30,TCS-гдр,TCSG,20673,501613678.4,882.0,824.4,882.0,831.8,839.0,831.8,597948,838.8,838.8,831.8,501613678.4,501613678.4,501613678.4,,3
TQBR,2020-03-31,TCS-гдр,TCSG,28030,677033439.2,855.0,835.0,918.0,900.0,882.6,900.0,767225,882.4,882.4,900.0,677033439.2,677033439.2,677033439.2,,3
TQBR,2020-04-01,TCS-гдр,TCSG,11626,318614198.0,878.0,860.0,898.8,860.8,875.2,860.8,364092,875.0,875.0,860.8,318614198.0,318614198.0,318614198.0,,3
TQBR,2020-04-02,TCS-гдр,TCSG,26102,770926556.6,879.0,818.0,886.0,835.0,844.8,835.0,912607,844.8,844.8,835.0,770926556.6,770926556.6,770926556.6,,3
TQBR,2020-04-03,TCS-гдр,TCSG,13339,507261981.4,840.0,830.2,868.6,862.0,855.4,862.0,593020,855.4,855.4,862.0,507261981.4,507261981.4,507261981.4,,3
TQBR,2020-04-06,TCS-гдр,TCSG,19455,777066795.6,870.2,864.6,958.6,950.0,919.2,950.0,845462,919.2,919.2,950.0,777066795.6,777066795.6,777066795.6,,3
TQBR,2020-04-07,TCS-гдр,TCSG,27058,1506752721.0,969.0,938.6,1038.0,956.2,993.8,956.2,1516143,993.8,993.8,956.2,1506752721.0,1506752721.0,1506752721.0,,3
TQBR,2020-04-08,TCS-гдр,TCSG,23784,818801666.2,940.4,915.0,967.0,959.0,949.8,959.0,862195,949.6,949.6,959.0,818801666.2,818801666.2,818801666.2,,3
TQBR,2020-04-09,TCS-гдр,TCSG,20011,983336222.0,980.0,920.0,1002.0,931.0,958.4,931.0,1026030,958.4,958.4,931.0,983336222.0,983336222.0,983336222.0,,3
TQBR,2020-04-10,TCS-гдр,TCSG,7645,215121286.2,939.0,916.0,941.8,940.6,932.6,940.6,230704,932.4,932.4,940.6,215121286.2,215121286.2,215121286.2,,3
TQBR,2020-04-13,TCS-гдр,TCSG,11609,325371426.2,936.0,909.8,945.6,912.4,918.4,912.4,354295,918.4,918.4,912.4,325371426.2,325371426.2,325371426.2,,3
TQBR,2020-04-14,TCS-гдр,TCSG,13458,570774102.6,925.0,919.2,955.0,940.0,940.6,940.0,606793,940.6,940.6,940.0,570774102.6,570774102.6,570774102.6,,3
TQBR,2020-04-15,TCS-гдр,TCSG,10248,449976867.0,941.4,908.2,948.8,913.2,930.8,913.2,483466,930.8,930.8,913.2,449976867.0,449976867.0,449976867.0,,3
TQBR,2020-04-16,TCS-гдр,TCSG,14071,525120813.2,930.0,891.0,930.0,891.0,911.2,891.0,576379,911.0,911.0,891.0,525120813.2,525120813.2,525120813.2,,3
TQBR,2020-04-17,TCS-гдр,TCSG,14478,450939952.6,915.0,877.8,922.8,895.0,894.2,895.0,504347,894.2,894.2,895.0,450939952.6,450939952.6,450939952.6,,3
TQBR,2020-04-20,TCS-гдр,TCSG,14508,328296927.2,904.0,865.0,905.0,875.0,879.8,875.0,373138,879.8,879.8,875.0,328296927.2,328296927.2,328296927.2,,3
TQBR,2020-04-21,TCS-гдр,TCSG,20110,700556569.6,861.0,830.0,867.0,843.0,845.6,843.0,828529,845.6,845.6,843.0,700556569.6,700556569.6,700556569.6,,3
TQBR,2020-04-22,TCS-гдр,TCSG,11986,418423316.0,836.2,833.2,860.6,858.0,850.6,858.0,491983,850.4,850.4,858.0,418423316.0,418423316.0,418423316.0,,3
TQBR,2020-04-23,TCS-гдр,TCSG,12122,675618247.6,869.0,851.2,882.2,875.0,868.2,875.0,778283,868.0,868.0,875.0,675618247.6,675618247.6,675618247.6,,3
TQBR,2020-04-24,TCS-гдр,TCSG,15062,641148152.0,856.2,854.6,927.4,904.0,900.0,904.0,712358,900.0,900.0,904.0,641148152.0,641148152.0,641148152.0,,3
TQBR,2020-04-27,TCS-гдр,TCSG,12956,635822045.6,930.8,874.2,946.0,940.0,922.6,940.0,689191,922.6,922.6,940.0,635822045.6,635822045.6,635822045.6,,3
TQBR,2020-04-28,TCS-гдр,TCSG,21680,1012159866.8,940.0,936.0,1004.6,999.0,979.0,999.0,1033898,979.0,979.0,999.0,1012159866.8,1012159866.8,1012159866.8,,3
TQBR,2020-04-29,TCS-гдр,TCSG,14205,686684021.2,1000.2,989.6,1031.8,1025.0,1021.4,1025.0,672313,1021.4,1021.4,1025.0,686684021.2,686684021.2,686684021.2,,3
TQBR,2020-04-30,TCS-гдр,TCSG,13229,667455020.4,1034.8,987.0,1037.8,1025.0,1011.4,1025.0,659980,1011.4,1011.4,1025.0,667455020.4,667455020.4,667455020.4,,3
TQBR,2020-05-04,TCS-гдр,TCSG,6825,289489447.6,1006.0,994.8,1025.4,1020.0,1007.8,1020.0,287281,1007.6,1007.6,1020.0,289489447.6,289489447.6,289489447.6,,3
TQBR,2020-05-05,TCS-гдр,TCSG,5196,164708141.0,1030.0,1013.4,1037.8,1024.0,1025.2,1024.0,160671,1025.2,1025.2,1024.0,164708141.0,164708141.0,164708141.0,,3
TQBR,2020-05-06,TCS-гдр,TCSG,8461,209436352.4,1029.6,1011.2,1038.8,1014.8,1025.8,1014.8,204169,1025.8,1025.8,1014.8,209436352.4,209436352.4,209436352.4,,3
TQBR,2020-05-07,TCS-гдр,TCSG,8135,345598721.8,1017.6,1013.2,1048.8,1036.6,1035.6,1036.6,333710,1035.6,1035.6,1036.6,345598721.8,345598721.8,345598721.8,,3
TQBR,2020-05-08,TCS-гдр,TCSG,4244,152470736.4,1049.6,1027.0,1049.6,1038.4,1037.4,1038.4,146973,1037.4,1037.4,1038.4,152470736.4,152470736.4,152470736.4,,3
TQBR,2020-05-12,TCS-гдр,TCSG,7689,242856334.6,1044.6,1025.4,1048.6,1043.0,1035.8,1043.0,234467,1035.8,1035.8,1043.0,242856334.6,242856334.6,242856334.6,,3
TQBR,2020-05-13,TCS-гдр,TCSG,14845,694228895.0,1043.2,1009.0,1071.8,1040.8,1045.0,1040.8,664417,1044.8,1044.8,1040.8,694228895.0,694228895.0,694228895.0,,3
TQBR,2020-05-14,TCS-гдр,TCSG,7991,427974565.4,1047.8,1030.0,1064.2,1049.6,1052.2,1049.6,406746,1052.2,1052.2,1049.6,427974565.4,427974565.4,427974565.4,,3
TQBR,2020-05-15,TCS-гдр,TCSG,8678,436221229.4,1084.0,1050.2,1084.6,1070.0,1070.2,1070.0,407596,1070.2,1070.2,1070.0,436221229.4,436221229.4,436221229.4,,3
TQBR,2020-05-18,TCS-гдр,TCSG,10749,484556046.4,1080.0,1073.0,1092.4,1082.0,1082.6,1082.0,447591,1082.6,1082.6,1082.0,484556046.4,484556046.4,484556046.4,,3
TQBR,2020-05-19,TCS-гдр,TCSG,10417,430781613.8,1090.0,1065.6,1102.8,1102.8,1086.2,1102.8,396642,1086.0,1086.0,1102.8,430781613.8,430781613.8,430781613.8,,3
TQBR,2020-05-20,TCS-гдр,TCSG,12702,534509987.0,1108.4,1092.0,1150.6,1144.2,1132.2,1144.2,472120,1132.2,1132.2,1144.2,534509987.0,534509987.0,534509987.0,,3
TQBR,2020-05-21,TCS-гдр,TCSG,13314,678908482.8,1147.6,1133.2,1178.6,1167.2,1154.6,1167.2,588043,1154.6,1154.6,1167.2,678908482.8,678908482.8,678908482.8,,3
TQBR,2020-05-22,TCS-гдр,TCSG,8050,414613724.2,1154.2,1137.0,1186.4,1184.6,1162.8,1184.6,356580,1162.8,1162.8,1184.6,414613724.2,414613724.2,414613724.2,,3
TQBR,2020-05-25,TCS-гдр,TCSG,11358,340387461.8,1199.0,1184.8,1232.2,1213.4,1210.2,1213.4,281298,1210.0,1210.0,1213.4,340387461.8,340387461.8,340387461.8,,3
TQBR,2020-05-26,TCS-гдр,TCSG,12469,513215100.8,1226.0,1201.0,1231.0,1221.2,1215.8,1221.2,422163,1215.6,1215.6,1221.2,513215100.8,513215100.8,513215100.8,,3
TQBR,2020-05-27,TCS-гдр,TCSG,14467,617489627.0,1222.0,1211.0,1277.8,1245.8,1251.2,1245.8,493563,1251.0,1251.0,1245.8,617489627.0,617489627.0,617489627.0,,3
TQBR,2020-05-28,TCS-гдр,TCSG,20359,765597848.6,1249.8,1249.8,1293.8,1273.2,1275.0,1273.2,600488,1275.0,1275.0,1273.2,765597848.6,765597848.6,765597848.6,,3
TQBR,2020-05-29,TCS-гдр,TCSG,17167,2907078837.8,1273.0,1202.2,1279.8,1253.0,1247.2,1253.0,2331135,1247.0,1247.0,1253.0,2907078837.8,2907078837.8,2907078837.8,,3
TQBR,2020-06-01,TCS-гдр,TCSG,16855,529879028.6,1259.8,1186.0,1268.6,1203.8,1221.8,1203.8,434552,1219.4,1219.4,1203.8,529879028.6,529879028.6,529879028.6,,3
TQBR,2020-06-02,TCS-гдр,TCSG,12771,572372342.6,1212.0,1176.0,1261.2,1258.6,1218.6,1258.6,469751,1218.4,1218.4,1258.6,572372342.6,572372342.6,572372342.6,,3
TQBR,2020-06-03,TCS-гдр,TCSG,9697,429214191.4,1259.0,1231.0,1276.8,1235.6,1250.0,1235.6,343385,1250.0,1250.0,1235.6,429214191.4,429214191.4,429214191.4,,3
TQBR,2020-06-04,TCS-гдр,TCSG,10641,339917205.2,1242.8,1209.0,1250.0,1215.0,1222.6,1215.0,278034,1222.6,1222.6,1215.0,339917205.2,339917205.2,339917205.2,,3
TQBR,2020-06-05,TCS-гдр,TCSG,7129,193175651.8,1217.0,1206.0,1229.0,1222.4,1219.0,1222.4,158484,1218.8,1218.8,1222.4,193175651.8,193175651.8,193175651.8,,3
TQBR,2020-06-08,TCS-гдр,TCSG,10371,334862941.6,1230.0,1216.4,1262.4,1246.8,1247.2,1246.8,268503,1247.2,1247.2,1246.8,334862941.6,334862941.6,334862941.6,,3
TQBR,2020-06-09,TCS-гдр,TCSG,14355,406406784.4,1256.0,1180.0,1259.4,1214.0,1209.2,1214.0,336128,1209.0,1209.0,1214.0,406406784.4,406406784.4,406406784.4,,3
TQBR,2020-06-10,TCS-гдр,TCSG,6006,188759246.4,1205.2,1191.0,1224.0,1211.4,1207.0,1211.2,156397,1207.0,1207.0,1211.4,188759246.4,188759246.4,188759246.4,,3
TQBR,2020-06-11,TCS-гдр,TCSG,8316,284949650.2,1197.6,1172.2,1212.8,1205.0,1199.2,1205.0,237636,1199.2,1199.2,1205.0,284949650.2,284949650.2,284949650.2,,3
TQBR,2020-06-15,TCS-гдр,TCSG,11758,433630794.6,1180.2,1139.8,1278.8,1250.0,1246.2,1250.0,347982,1246.2,1246.2,1250.0,433630794.6,433630794.6,433630794.6,,3
TQBR,2020-06-16,TCS-гдр,TCSG,23501,963122394.0,1239.2,1235.4,1330.0,1312.8,1306.6,1312.8,737100,1306.6,1306.6,1312.8,963122394.0,963122394.0,963122394.0,,3
TQBR,2020-06-17,TCS-гдр,TCSG,8836,270663928.8,1319.6,1296.4,1328.0,1309.6,1318.4,1309.6,205312,1318.4,1318.4,1309.6,270663928.8,270663928.8,270663928.8,,3
TQBR,2020-06-18,TCS-гдр,TCSG,13051,266156869.2,1308.2,1306.0,1336.8,1335.0,1320.8,1335.0,201518,1320.8,1320.8,1335.0,266156869.2,266156869.2,266156869.2,,3
TQBR,2020-06-19,TCS-гдр,TCSG,6712,142580182.0,1344.0,1329.6,1355.2,1335.4,1343.6,1335.4,106126,1343.4,1343.4,1335.4,142580182.0,142580182.0,142580182.0,,3
TQBR,2020-06-22,TCS-гдр,TCSG,10985,353982132.4,1336.0,1250.0,1378.4,1371.8,1342.4,1371.8,263697,1342.4,1342.4,1371.8,353982132.4,353982132.4,353982132.4,0.0,3
TQBR,2020-06-23,TCS-гдр,TCSG,22286,565467896.6,1380.0,1374.0,1456.8,1436.2,1434.8,1436.2,394282,1434.2,1434.2,1436.2,565467896.6,565467896.6,565467896.6,0.0,3
TQBR,2020-06-25,TCS-гдр,TCSG,13232,477951224.6,1420.0,1410.4,1476.4,1457.4,1456.0,1457.4,328283,1456.0,1456.0,1457.4,477951224.6,477951224.6,477951224.6,0.0,3
TQBR,2020-06-26,TCS-гдр,TCSG,11383,369585560.8,1457.6,1453.0,1507.8,1462.2,1479.8,1462.2,249767,1479.8,1479.8,1462.2,369585560.8,369585560.8,369585560.8,0.0,3
TQBR,2020-06-29,TCS-гдр,TCSG,11537,414174892.6,1450.0,1413.6,1479.0,1458.0,1450.4,1458.0,285584,1450.2,1450.2,1458.0,414174892.6,414174892.6,414174892.6,0.0,3
TQBR,2020-06-30,TCS-гдр,TCSG,9528,391595651.0,1469.8,1407.6,1488.8,1437.6,1447.4,1437.6,270579,1447.2,1447.2,1437.6,391595651.0,391595651.0,391595651.0,0.0,3
TQBR,2020-07-02,TCS-гдр,TCSG,7659,233415306.4,1440.2,1402.0,1447.2,1447.0,1425.2,1447.0,163773,1425.2,1425.2,1447.0,233415306.4,233415306.4,233415306.4,0.0,3
TQBR,2020-07-03,TCS-гдр,TCSG,4739,109278993.6,1426.2,1426.2,1472.6,1456.0,1459.2,1456.0,74890,1459.2,1459.2,1456.0,109278993.6,109278993.6,109278993.6,0.0,3
TQBR,2020-07-06,TCS-гдр,TCSG,9000,257048412.2,1481.0,1456.0,1515.0,1503.8,1497.8,1503.8,171618,1497.8,1497.8,1503.8,257048412.2,257048412.2,257048412.2,0.0,3
TQBR,2020-07-07,TCS-гдр,TCSG,7290,180679008.4,1480.4,1480.4,1516.8,1490.0,1490.4,1490.0,121231,1490.4,1490.4,1490.0,180679008.4,180679008.4,180679008.4,0.0,3
TQBR,2020-07-08,TCS-гдр,TCSG,5251,108302538.4,1472.0,1436.0,1496.4,1460.0,1462.0,1460.0,74077,1462.0,1462.0,1460.0,108302538.4,108302538.4,108302538.4,0.0,3
TQBR,2020-07-09,TCS-гдр,TCSG,4181,101000815.8,1463.0,1452.2,1489.0,1470.2,1467.6,1470.2,68821,1467.6,1467.6,1470.2,101000815.8,101000815.8,101000815.8,0.0,3
TQBR,2020-07-10,TCS-гдр,TCSG,5934,173729338.4,1460.2,1445.0,1507.8,1504.4,1495.0,1504.4,116213,1495.0,1495.0,1504.4,173729338.4,173729338.4,173729338.4,0.0,3
TQBR,2020-07-13,TCS-гдр,TCSG,7530,196888191.8,1509.8,1500.0,1551.2,1540.6,1533.8,1540.6,128373,1533.8,1533.8,1540.6,196888191.8,196888191.8,196888191.8,0.0,3
TQBR,2020-07-14,TCS-гдр,TCSG,8013,237472357.4,1522.6,1508.0,1554.8,1531.6,1538.8,1531.6,154324,1538.8,1538.8,1531.6,237472357.4,237472357.4,237472357.4,0.0,3
TQBR,2020-07-15,TCS-гдр,TCSG,5644,169655456.6,1543.0,1536.2,1585.0,1583.0,1560.0,1583.0,108763,1559.8,1559.8,1583.0,169655456.6,169655456.6,169655456.6,0.0,3
TQBR,2020-07-16,TCS-гдр,TCSG,6928,168570130.8,1583.0,1570.4,1617.0,1615.8,1601.6,1615.8,105260,1601.4,1601.4,1615.8,168570130.8,168570130.8,168570130.8,0.0,3
TQBR,2020-07-17,TCS-гдр,TCSG,11976,364205097.4,1625.0,1605.2,1682.6,1655.8,1657.0,1655.8,219808,1657.0,1657.0,1655.8,364205097.4,364205097.4,364205097.4,0.0,3
TQBR,2020-07-20,TCS-гдр,TCSG,7435,217993896.6,1664.8,1632.2,1672.0,1661.2,1657.4,1661.2,131531,1657.4,1657.4,1661.2,217993896.6,217993896.6,217993896.6,0.0,3
TQBR,2020-07-21,TCS-гдр,TCSG,12014,319038220.0,1650.2,1640.0,1750.0,1722.6,1713.2,1722.6,186237,1713.0,1713.0,1722.6,319038220.0,319038220.0,319038220.0,0.0,3
TQBR,2020-07-22,TCS-гдр,TCSG,11962,319649365.2,1729.8,1724.4,1785.0,1770.0,1761.6,1770.0,181469,1761.4,1761.4,1770.0,319649365.2,319649365.2,319649365.2,0.0,3
TQBR,2020-07-23,TCS-гдр,TCSG,12040,409458967.6,1793.6,1706.8,1794.0,1756.0,1750.2,1756.0,233967,1750.0,1750.0,1756.0,409458967.6,409458967.6,409458967.6,0.0,3
TQBR,2020-07-24,TCS-гдр,TCSG,6694,175805647.2,1721.2,1711.8,1782.0,1775.8,1750.4,1775.8,100444,1750.2,1750.2,1775.8,175805647.2,175805647.2,175805647.2,0.0,3
TQBR,2020-07-27,TCS-гдр,TCSG,10354,364099826.6,1787.6,1752.2,1845.4,1832.0,1812.6,1832.0,200883,1812.4,1812.4,1832.0,364099826.6,364099826.6,364099826.6,0.0,3
TQBR,2020-07-28,TCS-гдр,TCSG,17715,616313580.8,1832.0,1800.8,1909.6,1804.6,1862.4,1804.6,330977,1862.2,1862.2,1804.6,616313580.8,616313580.8,616313580.8,0.0,3
TQBR,2020-07-29,TCS-гдр,TCSG,11258,341348624.0,1808.0,1794.0,1844.0,1818.0,1819.4,1818.0,187618,1819.4,1819.4,1818.0,341348624.0,341348624.0,341348624.0,0.0,3
TQBR,2020-07-30,TCS-гдр,TCSG,10916,332823873.0,1820.0,1725.0,1828.4,1778.2,1784.2,1778.2,186550,1784.2,1784.2,1778.2,332823873.0,332823873.0,332823873.0,0.0,3
TQBR,2020-07-31,TCS-гдр,TCSG,10469,347156406.0,1779.8,1770.4,1875.0,1870.0,1841.0,1870.0,188415,1842.6,1842.6,1870.0,347156406.0,347156406.0,347156406.0,0.0,3
TQBR,2020-08-03,TCS-гдр,TCSG,15792,473455688.0,1897.0,1840.2,1904.2,1892.8,1889.8,1879.2,250541,1890.8,1890.8,1892.8,439773722.8,439773722.8,439773722.8,0.0,3
TQBR,2020-08-04,TCS-гдр,TCSG,5307,154276092.4,1889.6,1875.0,1893.8,1883.6,1883.8,1884.0,81895,1883.8,1883.8,1883.6,143464588.4,143464588.4,143464588.4,0.0,3
TQBR,2020-08-05,TCS-гдр,TCSG,10582,312109875.2,1876.8,1867.2,1952.8,1926.0,1917.4,1951.4,162774,1915.0,1915.0,1926.0,266441800.4,266441800.4,266441800.4,0.0,3
TQBR,2020-08-06,TCS-гдр,TCSG,18354,548378392.8,1952.0,1904.6,1996.2,1927.0,1943.4,1943.2,282191,1943.6,1943.6,1927.0,522363210.2,522363210.2,522363210.2,0.0,3
TQBR,2020-08-07,TCS-гдр,TCSG,9355,243757717.2,1964.0,1905.2,1964.0,1910.0,1932.2,1919.0,126159,1933.4,1933.4,1910.0,224244018.2,224244018.2,224244018.2,0.0,3
TQBR,2020-08-10,TCS-гдр,TCSG,24793,700934732.0,1937.0,1801.0,1944.2,1820.0,1857.6,1856.2,377351,1858.0,1858.0,1820.0,605212088.6,605212088.6,605212088.6,0.0,3
TQBR,2020-08-11,TCS-гдр,TCSG,15577,510288696.4,1878.0,1790.0,1888.0,1798.0,1833.2,1800.0,278374,1835.0,1835.0,1798.0,480204785.4,480204785.4,480204785.4,0.0,3
TQBR,2020-08-12,TCS-гдр,TCSG,15055,405199342.4,1804.0,1757.0,1848.8,1773.2,1782.6,1824.0,227309,1778.8,1778.8,1773.2,351275597.0,351275597.0,351275597.0,0.0,3
TQBR,2020-08-13,TCS-гдр,TCSG,15444,477047992.8,1818.0,1751.0,1818.0,1758.0,1774.6,1770.0,268708,1776.0,1776.0,1758.0,439103402.8,439103402.8,439103402.8,0.0,3
TQBR,2020-08-14,TCS-гдр,TCSG,21246,544976005.2,1751.4,1690.8,1762.2,1709.0,1720.2,1720.6,316806,1720.4,1720.4,1709.0,521501664.2,521501664.2,521501664.2,0.0,3
TQBR,2020-08-17,TCS-гдр,TCSG,22997,735032708.8,1703.2,1702.4,1799.0,1793.0,1748.6,1788.4,419867,1748.6,1748.6,1793.0,697273130.6,697273130.6,697273130.6,0.0,3
TQBR,2020-08-18,TCS-гдр,TCSG,9840,269212568.2,1828.6,1750.0,1834.6,1797.0,1774.4,1771.2,151717,1774.2,1774.2,1797.0,253941857.6,253941857.6,253941857.6,0.0,3
TQBR,2020-08-19,TCS-гдр,TCSG,14812,611947136.6,1770.2,1751.6,1855.0,1837.2,1807.8,1804.0,338530,1806.8,1806.8,1837.2,574711635.8,574711635.8,574711635.8,0.0,3
TQBR,2020-08-20,TCS-гдр,TCSG,10678,486775148.0,1819.0,1776.6,1845.0,1828.0,1813.6,1824.0,268414,1813.2,1813.2,1828.0,468921699.8,468921699.8,468921699.8,0.0,3
TQBR,2020-08-21,TCS-гдр,TCSG,14025,497245710.6,1827.6,1824.6,1900.0,1893.8,1878.2,1892.0,264750,1878.0,1878.0,1893.8,479284688.2,479284688.2,479284688.2,0.0,3
TQBR,2020-08-24,TCS-гдр,TCSG,9548,235201881.0,1895.2,1883.4,1930.0,1923.4,1916.4,1922.8,122726,1916.0,1916.0,1923.4,216072505.8,216072505.8,216072505.8,0.0,3
TQBR,2020-08-25,TCS-гдр,TCSG,13651,419829171.8,1923.2,1923.2,2000.0,1987.2,1973.2,2000.0,212775,1970.6,1970.6,1987.2,375804930.6,375804930.6,375804930.6,0.0,3
TQBR,2020-08-26,TCS-гдр,TCSG,12900,400138879.2,2040.0,1960.8,2050.0,1982.0,1993.4,1981.2,200738,1995.8,1995.8,1982.0,354302299.8,354302299.8,354302299.8,0.0,3
TQBR,2020-08-27,TCS-гдр,TCSG,17863,491147031.0,1984.8,1870.0,1989.2,1899.4,1915.2,1895.0,256446,1915.4,1915.4,1899.4,460490997.0,460490997.0,460490997.0,0.0,3
TQBR,2020-08-28,TCS-гдр,TCSG,13739,361371644.6,1930.0,1821.0,1930.0,1833.6,1856.6,1876.0,194643,1856.2,1856.2,1833.6,317513656.2,317513656.2,317513656.2,0.0,3
TQBR,2020-08-31,TCS-гдр,TCSG,12771,510082516.8,1884.4,1851.6,1950.4,1950.4,1914.4,1893.4,266457,1915.4,1915.4,1950.4,466386457.8,466386457.8,466386457.8,0.0,3
TQBR,2020-09-01,TCS-гдр,TCSG,17899,611857398.4,1878.0,1795.6,1878.0,1821.8,1821.8,1815.2,335861,1822.0,1822.0,1821.8,591977011.0,591977011.0,591977011.0,0.0,3
TQBR,2020-09-02,TCS-гдр,TCSG,11246,434251501.4,1807.4,1773.0,1869.6,1869.6,1830.0,1835.8,237293,1829.8,1829.8,1869.6,400269866.6,400269866.6,400269866.6,0.0,3
TQBR,2020-09-03,TCS-гдр,TCSG,10009,424329977.4,1848.8,1781.0,1866.0,1792.0,1820.2,1788.0,233134,1821.2,1821.2,1792.0,407707550.2,407707550.2,407707550.2,0.0,3
TQBR,2020-09-04,TCS-гдр,TCSG,8753,324164447.0,1770.2,1721.4,1820.0,1794.6,1789.4,1800.0,181159,1788.8,1788.8,1794.6,301677966.2,301677966.2,301677966.2,0.0,3
TQBR,2020-09-07,TCS-гдр,TCSG,11404,457464473.0,1793.2,1774.0,1905.4,1899.0,1857.0,1888.2,246357,1856.2,1856.2,1899.0,443732677.6,443732677.6,443732677.6,0.0,3
TQBR,2020-09-08,TCS-гдр,TCSG,11946,543640987.0,1900.0,1804.0,1919.8,1837.6,1856.8,1845.0,292786,1857.2,1857.2,1837.6,534247864.0,534247864.0,534247864.0,0.0,3
TQBR,2020-09-09,TCS-гдр,TCSG,8771,387197324.2,1830.0,1800.0,1858.4,1837.6,1820.4,1821.6,212699,1819.6,1819.6,1837.6,363095991.6,363095991.6,363095991.6,0.0,3
TQBR,2020-09-10,TCS-гдр,TCSG,6769,171322630.4,1827.2,1812.4,1859.6,1840.0,1829.8,1839.4,93633,1829.0,1829.0,1840.0,151344032.8,151344032.8,151344032.8,0.0,3
TQBR,2020-09-11,TCS-гдр,TCSG,7251,257321225.6,1840.2,1803.6,1859.8,1804.0,1827.4,1821.0,140816,1828.2,1828.2,1804.0,245477490.4,245477490.4,245477490.4,0.0,3
TQBR,2020-09-14,TCS-гдр,TCSG,6909,233719368.4,1840.0,1792.4,1857.0,1843.8,1827.6,1830.6,127884,1827.0,1827.0,1843.8,218171146.6,218171146.6,218171146.6,0.0,3
TQBR,2020-09-15,TCS-гдр,TCSG,13382,515977573.4,1841.0,1831.4,1925.0,1920.0,1890.4,1916.8,272940,1889.2,1889.2,1920.0,482688362.0,482688362.0,482688362.0,0.0,3
TQBR,2020-09-16,TCS-гдр,TCSG,13259,519440486.4,1946.8,1907.8,1988.0,1979.8,1952.0,1968.0,266106,1951.4,1951.4,1979.8,489667782.2,489667782.2,489667782.2,0.0,3
TQBR,2020-09-17,TCS-гдр,TCSG,15194,652896618.8,1967.8,1818.0,1997.6,1977.6,1981.6,1963.2,329483,1983.8,1983.8,1977.6,611128037.0,611128037.0,611128037.0,0.0,3
TQBR,2020-09-18,TCS-гдр,TCSG,12037,473622463.0,1974.4,1922.0,2014.0,2012.8,1994.2,1962.2,237495,1997.4,1997.4,2012.8,424840841.8,424840841.8,424840841.8,0.0,3
TQBR,2020-09-21,TCS-гдр,TCSG,11474,544665930.4,1938.0,1910.0,1995.0,1950.8,1956.4,1954.2,278395,1957.0,1957.0,1950.8,525315258.8,525315258.8,525315258.8,0.0,3
TQBR,2020-09-22,TCS-гдр,TCSG,40025,1764923570.0,1937.4,1937.4,2195.0,1997.0,2074.8,2165.0,850641,1992.0,1992.0,1997.0,464027827.4,464027827.4,464027827.4,0.0,3
TQBR,2020-09-23,TCS-гдр,TCSG,50498,2908296594.2,2163.4,2058.4,2165.0,2106.4,2114.2,2083.2,1375588,2114.8,2114.8,2106.4,2850192417.2,2850192417.2,2850192417.2,0.0,3
TQBR,2020-09-24,TCS-гдр,TCSG,15237,872772287.6,2105.0,2014.4,2117.4,2031.0,2054.4,2026.0,425486,2051.6,2051.6,2031.0,841554630.6,841554630.6,841554630.6,0.0,3
TQBR,2020-09-25,TCS-гдр,TCSG,17399,927516591.8,2049.0,1965.6,2055.0,2035.6,2000.4,2028.4,463631,2000.2,2000.2,2035.6,914229770.2,914229770.2,914229770.2,0.0,3
TQBR,2020-09-28,TCS-гдр,TCSG,11724,630264079.0,2028.4,2015.8,2085.0,2070.6,2052.8,2070.0,307087,2052.0,2052.0,2070.6,605357542.6,605357542.6,605357542.6,0.0,3
TQBR,2020-09-29,TCS-гдр,TCSG,8119,269299593.4,2083.8,2036.0,2088.2,2074.6,2067.4,2074.2,130266,2067.0,2067.0,2074.6,253569392.4,253569392.4,253569392.4,0.0,3
TQBR,2020-09-30,TCS-гдр,TCSG,7623,349461226.2,2068.0,2023.2,2068.0,2040.0,2043.0,2045.2,171049,2042.8,2042.8,2040.0,337938089.2,337938089.2,337938089.2,0.0,3
TQBR,2020-10-01,TCS-гдр,TCSG,8124,500829095.2,2078.8,1985.4,2078.8,2015.0,2028.6,2006.0,247031,2028.8,2028.8,2015.0,472356845.0,472356845.0,472356845.0,0.0,3
TQBR,2020-10-02,TCS-гдр,TCSG,4868,195997422.0,1999.8,1986.8,2030.0,2006.0,2012.6,2011.0,97384,2012.8,2012.8,2006.0,189095896.4,189095896.4,189095896.4,0.0,3
TQBR,2020-10-05,TCS-гдр,TCSG,6882,197063215.2,2002.2,1981.2,2099.6,2015.0,2001.0,2004.8,98484,2000.6,2000.6,2015.0,187432526.6,187432526.6,187432526.6,0.0,3
TQBR,2020-10-06,TCS-гдр,TCSG,10674,342459304.0,2010.0,1980.0,2041.0,1984.6,2001.8,1985.0,171074,2003.0,2003.0,1984.6,316859580.4,316859580.4,316859580.4,0.0,3
TQBR,2020-10-07,TCS-гдр,TCSG,7442,266830505.8,2004.0,1945.0,2005.0,1960.8,1967.2,1955.8,135644,1967.6,1967.6,1960.8,255761045.6,255761045.6,255761045.6,0.0,3
TQBR,2020-10-08,TCS-гдр,TCSG,7702,400391155.0,1950.2,1924.8,1959.0,1930.0,1941.4,1929.0,206243,1941.6,1941.6,1930.0,390843616.2,390843616.2,390843616.2,0.0,3
TQBR,2020-10-09,TCS-гдр,TCSG,11027,465746401.6,1926.0,1910.0,2002.0,1992.0,1967.8,1985.8,236690,1966.8,1966.8,1992.0,446281084.6,446281084.6,446281084.6,0.0,3
TQBR,2020-10-12,TCS-гдр,TCSG,27576,1341413085.4,1980.2,1871.8,2019.0,1875.0,1929.4,1898.0,698847,1924.2,1924.2,1875.0,1155255684.4,1155255684.4,1155255684.4,0.0,3
TQBR,2020-10-13,TCS-гдр,TCSG,17641,760104090.6,1881.2,1840.6,1909.4,1853.6,1864.6,1856.4,407629,1865.2,1865.2,1853.6,730738718.8,730738718.8,730738718.8,0.0,3
TQBR,2020-10-14,TCS-гдр,TCSG,17047,953368673.2,1860.2,1830.2,1957.0,1910.0,1911.4,1905.4,498797,1911.4,1911.4,1910.0,919851470.6,919851470.6,919851470.6,0.0,3
TQBR,2020-10-15,TCS-гдр,TCSG,10014,372481662.0,1931.0,1850.2,1931.0,1883.8,1876.4,1888.6,198501,1876.2,1876.2,1883.8,356285049.0,356285049.0,356285049.0,0.0,3
TQBR,2020-10-16,TCS-гдр,TCSG,31857,1257811096.4,1874.0,1754.8,1878.2,1825.0,1819.8,1827.6,691202,1819.6,1819.6,1825.0,1228371937.4,1228371937.4,1228371937.4,0.0,3
TQBR,2020-10-19,TCS-гдр,TCSG,15898,467597579.0,1800.0,1750.0,1839.4,1770.0,1787.6,1766.6,261575,1792.0,1792.0,1770.0,404108655.2,404108655.2,404108655.2,0.0,3
TQBR,2020-10-20,TCS-гдр,TCSG,28678,1068417844.4,1750.8,1653.0,1835.2,1674.8,1752.0,1702.0,609793,1760.4,1760.4,1674.8,935853454.4,935853454.4,935853454.4,0.0,3
TQBR,2020-10-21,TCS-гдр,TCSG,15505,646166032.4,1686.0,1680.4,1757.0,1733.0,1732.2,1739.8,373033,1732.0,1732.0,1733.0,617272695.2,617272695.2,617272695.2,0.0,3
TQBR,2020-10-22,TCS-гдр,TCSG,13841,593675041.8,1739.8,1710.4,1812.0,1790.0,1787.0,1805.4,332212,1786.6,1786.6,1790.0,551910999.2,551910999.2,551910999.2,0.0,3
TQBR,2020-10-23,TCS-гдр,TCSG,8061,248604353.6,1800.0,1791.2,1838.2,1813.6,1814.8,1821.8,136990,1814.8,1814.8,1813.6,238486992.8,238486992.8,238486992.8,0.0,3
TQBR,2020-10-26,TCS-гдр,TCSG,20199,920337340.6,1821.8,1796.2,1898.0,1889.4,1874.0,1877.8,491179,1874.4,1874.4,1889.4,822197123.6,822197123.6,822197123.6,0.0,3
TQBR,2020-10-27,TCS-гдр,TCSG,21635,1127472249.0,1858.2,1839.2,2000.0,1959.8,1929.4,1965.0,584308,1916.8,1916.8,1959.8,900111879.2,900111879.2,900111879.2,0.0,3
TQBR,2020-10-28,TCS-гдр,TCSG,44329,2039657042.0,1954.0,1859.0,2050.0,1925.8,1994.6,1937.0,1022618,2000.8,2000.8,1925.8,1904186387.8,1904186387.8,1904186387.8,0.0,3
TQBR,2020-10-29,TCS-гдр,TCSG,18413,445904746.4,1929.2,1851.0,1984.8,1902.8,1899.8,1891.0,234705,1900.0,1900.0,1902.8,416753806.4,416753806.4,416753806.4,0.0,3
TQBR,2020-10-30,TCS-гдр,TCSG,11302,308435814.8,1874.6,1807.0,1899.8,1888.0,1861.2,1872.2,165713,1859.6,1859.6,1888.0,285001806.4,285001806.4,285001806.4,0.0,3
TQBR,2020-11-02,TCS-гдр,TCSG,15004,450630317.4,1872.2,1834.2,1980.0,1950.0,1906.4,1946.6,236386,1899.0,1899.0,1950.0,389439765.8,389439765.8,389439765.8,0.0,3
TQBR,2020-11-03,TCS-гдр,TCSG,13942,414136177.0,1948.2,1935.0,2021.0,2007.6,1976.0,1989.2,209593,1971.2,1971.2,2007.6,354095693.4,354095693.4,354095693.4,0.0,3
TQBR,2020-11-05,TCS-гдр,TCSG,25855,1024593663.2,2020.0,2010.0,2125.6,2100.0,2077.2,2088.2,493261,2075.0,2075.0,2100.0,928302443.8,928302443.8,928302443.8,0.0,3
TQBR,2020-11-06,TCS-гдр,TCSG,15580,564014758.2,2080.0,2050.8,2174.8,2155.0,2097.2,2144.8,268027,2099.0,2099.0,2155.0,503410642.8,503410642.8,503410642.8,0.0,3
TQBR,2020-11-09,TCS-гдр,TCSG,20780,770426130.2,2165.0,2111.0,2220.2,2134.2,2164.0,2136.0,356031,2166.0,2166.0,2134.2,720898629.8,720898629.8,720898629.8,0.0,3
TQBR,2020-11-10,TCS-гдр,TCSG,13208,579972280.8,2100.4,2100.4,2172.4,2166.2,2136.2,2158.4,271356,2135.4,2135.4,2166.2,524373467.4,524373467.4,524373467.4,0.0,3
TQBR,2020-11-11,TCS-гдр,TCSG,24925,950830437.2,2082.4,2070.0,2297.6,2279.0,2206.6,2279.0,430707,2203.0,2203.0,2279.0,889508662.4,889508662.4,889508662.4,0.0,3
TQBR,2020-11-12,TCS-гдр,TCSG,24179,727414132.2,2290.0,2210.0,2366.0,2244.0,2271.2,2246.8,320277,2273.4,2273.4,2244.0,686122524.2,686122524.2,686122524.2,0.0,3
TQBR,2020-11-13,TCS-гдр,TCSG,15910,571600299.0,2256.0,2252.6,2338.0,2319.8,2300.2,2337.6,248073,2301.4,2301.4,2319.8,499341662.4,499341662.4,499341662.4,0.0,3
TQBR,2020-11-16,TCS-гдр,TCSG,21160,715884583.8,2350.0,2273.8,2462.2,2298.2,2323.6,2299.8,308317,2325.2,2325.2,2298.2,659060440.4,659060440.4,659060440.4,0.0,3
TQBR,2020-11-17,TCS-гдр,TCSG,15528,492032780.4,2300.0,2252.0,2363.0,2293.8,2303.8,2284.4,213569,2304.6,2304.6,2293.8,470073850.6,470073850.6,470073850.6,0.0,3
TQBR,2020-11-18,TCS-гдр,TCSG,11959,534151252.6,2293.8,2265.0,2331.8,2322.6,2291.6,2300.0,233019,2290.8,2290.8,2322.6,502340634.4,502340634.4,502340634.4,0.0,3
TQBR,2020-11-19,TCS-гдр,TCSG,10378,312978788.4,2323.0,2260.0,2330.0,2263.2,2285.0,2261.0,136974,2286.2,2286.2,2263.2,289974721.2,289974721.2,289974721.2,0.0,3
TQBR,2020-11-20,TCS-гдр,TCSG,8385,224198713.8,2260.0,2226.2,2285.0,2267.6,2263.6,2263.0,99041,2263.6,2263.6,2267.6,217221344.0,217221344.0,217221344.0,0.0,3
TQBR,2020-11-23,TCS-гдр,TCSG,20729,647728108.4,2257.0,2165.0,2291.6,2210.2,2212.6,2219.4,292737,2212.6,2212.6,2210.2,615694920.8,615694920.8,615694920.8,0.0,3
TQBR,2020-11-24,TCS-гдр,TCSG,11661,342529030.2,2185.0,2170.0,2215.0,2196.0,2192.6,2201.2,156178,2192.8,2192.8,2196.0,309728284.2,309728284.2,309728284.2,0.0,3
TQBR,2020-11-25,TCS-гдр,TCSG,81687,7163063507.6,2212.6,2174.0,2344.6,2300.6,2280.4,2304.6,3141133,2280.4,2280.4,2300.6,7137555105.8,7137555105.8,7137555105.8,0.0,3
TQBR,2020-11-26,TCS-гдр,TCSG,15437,442852684.2,2300.0,2202.8,2304.4,2243.8,2241.4,2244.0,197585,2241.2,2241.2,2243.8,424154675.4,424154675.4,424154675.4,0.0,3
TQBR,2020-11-27,TCS-гдр,TCSG,12945,477163096.0,2227.4,2227.4,2319.6,2292.0,2302.2,2289.8,208555,2288.0,2288.0,2292.0,464873014.0,464873014.0,464873014.0,0.0,3
TQBR,2020-11-30,TCS-гдр,TCSG,13298,764699062.2,2289.8,2270.0,2361.2,2350.0,2341.8,2360.0,326697,2340.0,2340.0,2350.0,709392598.2,709392598.2,709392598.2,0.0,3
TQBR,2020-12-01,TCS-гдр,TCSG,11715,386698563.6,2376.0,2321.6,2395.2,2380.0,2357.4,2373.0,164095,2354.6,2354.6,2380.0,345484363.6,345484363.6,345484363.6,0.0,3
TQBR,2020-12-02,TCS-гдр,TCSG,16425,531160622.0,2390.0,2360.2,2489.0,2422.8,2434.0,2445.8,218231,2434.0,2434.0,2422.8,498907900.2,498907900.2,498907900.2,0.0,3
TQBR,2020-12-03,TCS-гдр,TCSG,19444,782749232.8,2465.0,2351.0,2473.2,2365.0,2378.8,2368.2,329055,2379.4,2379.4,2365.0,748421501.0,748421501.0,748421501.0,0.0,3
TQBR,2020-12-04,TCS-гдр,TCSG,11072,366807825.4,2360.0,2325.0,2447.6,2430.4,2407.8,2440.0,152337,2404.4,2404.4,2430.4,328147952.8,328147952.8,328147952.8,0.0,3
TQBR,2020-12-07,TCS-гдр,TCSG,13974,446504117.2,2414.0,2370.8,2451.0,2398.4,2404.4,2387.0,185701,2407.0,2407.0,2398.4,401250218.2,401250218.2,401250218.2,0.0,3
TQBR,2020-12-08,TCS-гдр,TCSG,12081,395239514.2,2410.0,2311.4,2410.0,2343.0,2353.4,2357.0,167946,2353.6,2353.6,2343.0,373774363.2,373774363.2,373774363.2,0.0,3
TQBR,2020-12-09,TCS-гдр,TCSG,17816,692776021.6,2360.0,2339.2,2503.6,2488.6,2448.8,2456.6,282901,2446.0,2446.0,2488.6,591334392.4,591334392.4,591334392.4,0.0,3
TQBR,2020-12-10,TCS-гдр,TCSG,30723,1073301911.4,2441.0,2244.0,2493.8,2426.0,2347.2,2271.6,457351,2443.2,2443.2,2426.0,350143405.6,350143405.6,350143405.6,0.0,3
TQBR,2020-12-11,TCS-гдр,TCSG,42953,2265336047.6,2297.0,2235.4,2359.2,2268.8,2286.6,2268.0,990735,2287.0,2287.0,2268.8,2213570895.4,2213570895.4,2213570895.4,0.0,3
TQBR,2020-12-14,TCS-гдр,TCSG,17171,696491186.8,2297.8,2273.8,2330.0,2316.0,2292.0,2308.4,303828,2288.4,2288.4,2316.0,586758202.0,586758202.0,586758202.0,0.0,3
TQBR,2020-12-15,TCS-гдр,TCSG,15870,587545893.6,2300.2,2270.0,2398.6,2396.6,2366.0,2383.8,248323,2365.6,2365.6,2396.6,557019730.6,557019730.6,557019730.6,0.0,3
TQBR,2020-12-16,TCS-гдр,TCSG,14458,674839789.0,2380.0,2351.4,2448.4,2430.6,2406.0,2423.0,280476,2405.2,2405.2,2430.6,643911428.0,643911428.0,643911428.0,0.0,3
TQBR,2020-12-17,TCS-гдр,TCSG,19798,845963995.6,2430.0,2401.0,2479.0,2451.0,2442.8,2446.0,346309,2442.8,2442.8,2451.0,826628928.6,826628928.6,826628928.6,0.0,3
TQBR,2020-12-18,TCS-гдр,TCSG,12518,543926356.2,2469.8,2370.2,2469.8,2447.2,2431.0,2430.0,223748,2429.0,2429.0,2447.2,484755307.4,484755307.4,484755307.4,0.0,3
TQBR,2020-12-21,TCS-гдр,TCSG,20188,700220472.2,2444.6,2310.0,2451.8,2333.4,2359.0,2382.2,296825,2360.2,2360.2,2333.4,630669422.2,630669422.2,630669422.2,0.0,3
TQBR,2020-12-22,TCS-гдр,TCSG,11299,430580599.6,2359.6,2334.2,2420.0,2382.4,2387.4,2376.4,180415,2387.6,2387.6,2382.4,382798861.2,382798861.2,382798861.2,0.0,3
TQBR,2020-12-23,TCS-гдр,TCSG,5784,173799858.0,2398.4,2343.2,2398.4,2357.2,2369.2,2366.4,73359,2369.2,2369.2,2357.2,152470142.0,152470142.0,152470142.0,0.0,3
TQBR,2020-12-24,TCS-гдр,TCSG,6285,155175035.0,2396.8,2345.0,2396.8,2363.8,2367.2,2355.0,65552,2368.4,2368.4,2363.8,143590909.4,143590909.4,143590909.4,0.0,3
TQBR,2020-12-25,TCS-гдр,TCSG,6667,143898885.2,2354.0,2325.2,2362.6,2329.0,2338.8,2343.2,61527,2336.2,2336.2,2329.0,89290981.8,89290981.8,89290981.8,0.0,3
TQBR,2020-12-28,TCS-гдр,TCSG,7595,212777787.6,2335.4,2330.4,2370.0,2366.2,2358.2,2365.2,90226,2353.8,2353.8,2366.2,117668021.2,117668021.2,117668021.2,0.0,3
TQBR,2020-12-29,TCS-гдр,TCSG,9165,322022879.0,2373.2,2332.6,2399.0,2357.6,2356.8,2360.2,136640,2354.4,2354.4,2357.6,270851925.4,270851925.4,270851925.4,0.0,3
TQBR,2020-12-30,TCS-гдр,TCSG,10742,357422520.0,2357.6,2342.0,2406.0,2366.2,2375.8,2360.4,150439,2382.6,2382.6,2366.2,228307778.6,228307778.6,228307778.6,0.0,3
TQBR,2021-01-04,TCS-гдр,TCSG,18546,742670279.8,2395.2,2376.2,2515.8,2514.2,2461.8,2473.0,301689,2455.6,2455.6,2514.2,581071867.4,581071867.4,581071867.4,0.0,3
TQBR,2021-01-05,TCS-гдр,TCSG,14065,565992336.6,2461.4,2420.4,2514.0,2440.4,2463.8,2454.0,229716,2469.6,2469.6,2440.4,418947774.8,418947774.8,418947774.8,0.0,3
TQBR,2021-01-06,TCS-гдр,TCSG,13567,526621476.4,2429.0,2425.0,2499.0,2460.2,2468.2,2469.8,213360,2467.6,2467.6,2460.2,416516642.0,416516642.0,416516642.0,0.0,3
TQBR,2021-01-08,TCS-гдр,TCSG,52097,2240076201.0,2598.8,2566.0,2954.8,2927.0,2813.0,2925.0,796303,2801.8,2801.8,2927.0,1958876649.6,1958876649.6,1958876649.6,0.0,3
TQBR,2021-01-11,TCS-гдр,TCSG,53221,2293889702.0,2900.0,2855.2,3112.0,2974.2,3029.6,2970.0,757138,3033.8,3033.8,2974.2,2169042029.4,2169042029.4,2169042029.4,0.0,3
TQBR,2021-01-12,TCS-гдр,TCSG,30931,1238621756.6,3025.0,2808.0,3025.0,2886.8,2905.8,2912.2,426580,2901.4,2901.4,2886.8,1079794478.2,1079794478.2,1079794478.2,0.0,3
TQBR,2021-01-13,TCS-гдр,TCSG,13355,483958705.0,2919.8,2844.8,2955.4,2859.6,2873.8,2882.0,168401,2874.6,2874.6,2859.6,443995484.6,443995484.6,443995484.6,0.0,3
TQBR,2021-01-14,TCS-гдр,TCSG,19741,986541662.2,2880.0,2858.4,3048.0,3020.0,2978.0,3008.2,331592,2970.6,2970.6,3020.0,901429676.0,901429676.0,901429676.0,0.0,3
TQBR,2021-01-15,TCS-гдр,TCSG,43376,2202730000.4,3005.0,2980.6,3384.8,3270.0,3228.6,3250.0,682276,3227.4,3227.4,3270.0,2127847040.0,2127847040.0,2127847040.0,0.0,3
TQBR,2021-01-18,TCS-гдр,TCSG,68391,3118880112.4,3290.0,3165.8,3564.0,3395.0,3419.2,3449.8,912013,3424.0,3424.0,3395.0,2766069542.4,2766069542.4,2766069542.4,0.0,3
TQBR,2021-01-19,TCS-гдр,TCSG,48902,2459951705.8,3456.6,3203.0,3511.6,3257.6,3323.6,3256.2,740127,3331.0,3331.0,3257.6,2282047377.2,2282047377.2,2282047377.2,0.0,3
TQBR,2021-01-20,TCS-гдр,TCSG,52385,3040302948.4,3278.8,3106.0,3367.0,3158.0,3197.4,3171.4,952170,3196.0,3196.0,3158.0,2894686678.0,2894686678.0,2894686678.0,0.0,3
TQBR,2021-01-21,TCS-гдр,TCSG,46606,2419059231.4,3170.0,2935.0,3170.0,3000.0,3009.0,3000.0,803687,3010.2,3010.2,3000.0,2332486686.0,2332486686.0,2332486686.0,0.0,3
TQBR,2021-01-22,TCS-гдр,TCSG,33275,1646347173.8,2999.4,2942.0,3105.0,3048.8,3026.4,3065.0,543634,3027.2,3027.2,3048.8,1530589242.8,1530589242.8,1530589242.8,0.0,3
TQBR,2021-01-25,TCS-гдр,TCSG,38231,1885912577.8,3088.4,3012.0,3189.6,3106.6,3115.6,3112.0,605314,3118.6,3118.6,3106.6,1752693256.2,1752693256.2,1752693256.2,0.0,3
TQBR,2021-01-26,TCS-гдр,TCSG,29334,1757351222.4,3124.6,3013.8,3140.0,3047.2,3066.2,3049.8,573143,3067.8,3067.8,3047.2,1667283541.6,1667283541.6,1667283541.6,0.0,3
TQBR,2021-01-27,TCS-гдр,TCSG,20675,1008620452.6,3051.0,2952.0,3074.4,3035.0,3023.8,3023.4,333554,3023.8,3023.8,3035.0,951213249.6,951213249.6,951213249.6,0.0,3
TQBR,2021-01-28,TCS-гдр,TCSG,20459,987224051.8,2990.2,2884.6,3085.2,3049.2,2995.6,3053.2,329560,2992.2,2992.2,3049.2,930972610.0,930972610.0,930972610.0,0.0,3
TQBR,2021-01-29,TCS-гдр,TCSG,24409,1355934373.2,3031.0,3014.0,3145.0,3081.8,3091.2,3090.8,438635,3087.6,3087.6,3081.8,1187617456.0,1187617456.0,1187617456.0,0.0,3
TQBR,2021-02-01,TCS-гдр,TCSG,25078,1289839183.6,3090.6,3060.2,3255.0,3233.8,3209.0,3243.0,401945,3207.8,3207.8,3233.8,1219836369.8,1219836369.8,1219836369.8,0.0,3
TQBR,2021-02-02,TCS-гдр,TCSG,22528,960094441.6,3275.0,3170.0,3304.6,3210.4,3226.2,3223.6,297594,3228.0,3228.0,3210.4,865307311.8,865307311.8,865307311.8,0.0,3
TQBR,2021-02-03,TCS-гдр,TCSG,10711,540553179.6,3225.0,3194.6,3248.4,3219.2,3225.6,3223.4,167584,3225.8,3225.8,3219.2,513108061.8,513108061.8,513108061.8,0.0,3
TQBR,2021-02-04,TCS-гдр,TCSG,14559,818490125.0,3230.0,3137.0,3250.0,3170.8,3192.0,3199.2,256409,3192.2,3192.2,3170.8,764628810.6,764628810.6,764628810.6,0.0,3
TQBR,2021-02-05,TCS-гдр,TCSG,16474,813649502.2,3208.0,3174.0,3278.6,3229.0,3224.4,3254.8,252349,3223.0,3223.0,3229.0,754203786.6,754203786.6,754203786.6,0.0,3
TQBR,2021-02-08,TCS-гдр,TCSG,24948,1317998839.6,3260.2,3260.0,3409.6,3382.0,3341.2,3400.0,394465,3337.0,3337.0,3382.0,1179156040.8,1179156040.8,1179156040.8,0.0,3
TQBR,2021-02-09,TCS-гдр,TCSG,51391,2303194472.4,3429.6,3300.2,3495.0,3465.0,3432.4,3474.6,671002,3430.8,3430.8,3465.0,2201377696.4,2201377696.4,2201377696.4,0.0,3
TQBR,2021-02-10,TCS-гдр,TCSG,102191,6012118136.0,3576.2,3511.0,3691.0,3543.4,3582.4,3594.6,1678973,3581.0,3581.0,3543.4,5895459171.4,5895459171.4,5895459171.4,0.0,3
TQBR,2021-02-11,TCS-гдр,TCSG,29185,1759400810.8,3626.0,3503.8,3628.0,3525.6,3551.8,3530.6,495260,3553.4,3553.4,3525.6,1687818323.6,1687818323.6,1687818323.6,0.0,3
TQBR,2021-02-12,TCS-гдр,TCSG,28531,1590730075.8,3492.8,3458.8,3560.0,3536.4,3506.0,3559.0,453712,3504.0,3504.0,3536.4,1503597157.2,1503597157.2,1503597157.2,0.0,3
TQBR,2021-02-15,TCS-гдр,TCSG,36519,2286209149.2,3618.0,3495.0,3674.8,3587.8,3583.0,3598.0,638080,3583.6,3583.6,3587.8,2180485859.8,2180485859.8,2180485859.8,0.0,3
TQBR,2021-02-16,TCS-гдр,TCSG,32727,2203427786.8,3599.8,3543.2,3776.0,3735.0,3651.4,3758.4,603436,3643.4,3643.4,3735.0,2031601738.4,2031601738.4,2031601738.4,0.0,3
TQBR,2021-02-17,TCS-гдр,TCSG,54826,4165805554.4,3784.0,3740.0,3973.0,3882.8,3876.4,3900.0,1074578,3876.6,3876.6,3882.8,3982423311.2,3982423311.2,3982423311.2,0.0,3
TQBR,2021-02-18,TCS-гдр,TCSG,51988,4088639007.0,3875.2,3794.0,3995.0,3927.0,3912.8,3841.0,1044965,3915.2,3915.2,3927.0,3894925696.0,3894925696.0,3894925696.0,0.0,3
TQBR,2021-02-19,TCS-гдр,TCSG,52573,4153519593.8,3850.0,3776.0,4094.8,4074.8,3971.2,4060.0,1045897,3967.2,3967.2,4074.8,3964410818.6,3964410818.6,3964410818.6,0.0,3
TQBR,2021-02-20,TCS-гдр,TCSG,30140,992913382.6,4106.6,4060.0,4256.8,4225.2,4204.2,4249.0,236176,4201.4,4201.4,4225.2,860335158.6,860335158.6,860335158.6,0.0,3
TQBR,2021-02-22,TCS-гдр,TCSG,79132,6717858365.0,4274.0,4063.8,4433.2,4151.0,4207.4,4192.0,1596665,4208.2,4208.2,4151.0,6539027838.6,6539027838.6,6539027838.6,0.0,3
TQBR,2021-02-24,TCS-гдр,TCSG,93570,6547829355.0,4095.0,3722.2,4095.0,3765.0,3869.6,3825.0,1692143,3875.0,3875.0,3765.0,6151082583.2,6151082583.2,6151082583.2,0.0,3
TQBR,2021-02-25,TCS-гдр,TCSG,60147,4800292592.4,3824.8,3766.0,3970.2,3967.0,3896.4,3899.8,1231953,3895.8,3895.8,3967.0,4548189342.8,4548189342.8,4548189342.8,0.0,3
TQBR,2021-02-26,TCS-гдр,TCSG,73891,26985431299.4,3860.0,3742.4,4030.0,3868.0,3884.2,3857.0,6949597,3883.4,3883.4,3868.0,26583643069.0,26583643069.0,26583643069.0,0.0,3
TQBR,2021-03-01,TCS-гдр,TCSG,25022,1324513259.8,3900.0,3800.0,3930.0,3888.0,3875.0,3888.0,341812,3874.4,3874.4,3888.0,1230394896.6,1230394896.6,1230394896.6,0.0,3
TQBR,2021-03-02,TCS-гдр,TCSG,25726,1645372432.2,3888.0,3800.2,3949.0,3851.2,3871.8,3828.0,424858,3879.4,3879.4,3851.2,1461348048.6,1461348048.6,1461348048.6,0.0,3
TQBR,2021-03-03,TCS-гдр,TCSG,20931,1739912100.0,3830.0,3801.2,3876.0,3842.0,3843.2,3820.8,452717,3844.2,3844.2,3842.0,1629734943.6,1629734943.6,1629734943.6,0.0,3
TQBR,2021-03-04,TCS-гдр,TCSG,35199,1964593391.0,3821.0,3636.0,3846.2,3775.2,3726.6,3710.0,527189,3719.6,3719.6,3775.2,1684064873.0,1684064873.0,1684064873.0,0.0,3
TQBR,2021-03-05,TCS-гдр,TCSG,26355,1683475821.2,3741.2,3682.8,3911.8,3832.2,3795.4,3805.0,443575,3793.8,3793.8,3832.2,1570747845.6,1570747845.6,1570747845.6,0.0,3
TQBR,2021-03-09,TCS-гдр,TCSG,26183,1712757434.4,3760.0,3676.4,3857.8,3717.8,3721.0,3747.8,460268,3720.4,3720.4,3717.8,1637815628.2,1637815628.2,1637815628.2,0.0,3
TQBR,2021-03-10,TCS-гдр,TCSG,26779,1611897331.2,3773.8,3710.2,3879.2,3765.0,3783.2,3755.4,426092,3785.8,3785.8,3765.0,1507753771.0,1507753771.0,1507753771.0,0.0,3
TQBR,2021-03-11,TCS-гдр,TCSG,33855,2128275065.0,3780.0,3615.8,3945.0,3876.0,3760.4,3908.2,565411,3738.8,3738.8,3876.0,1806838170.2,1806838170.2,1806838170.2,0.0,3
TQBR,2021-03-12,TCS-гдр,TCSG,57172,3515065728.6,3920.0,3860.0,4342.2,4296.0,4117.0,4309.8,845970,4140.6,4140.6,4296.0,3186405621.2,3186405621.2,3186405621.2,0.0,3
TQBR,2021-03-15,TCS-гдр,TCSG,34563,2458688784.6,4415.0,4251.0,4444.8,4280.0,4320.6,4317.4,569061,4322.0,4322.0,4280.0,2364595493.8,2364595493.8,2364595493.8,0.0,3
TQBR,2021-03-16,TCS-гдр,TCSG,40769,3633726085.4,4339.0,4275.2,4625.0,4525.0,4486.4,4513.6,809960,4486.0,4486.0,4525.0,3479373480.4,3479373480.4,3479373480.4,0.0,3
TQBR,2021-03-17,TCS-гдр,TCSG,23640,2001484023.0,4553.0,4380.4,4595.4,4402.0,4475.2,4494.0,447204,4475.2,4475.2,4402.0,1818952245.6,1818952245.6,1818952245.6,0.0,3
TQBR,2021-03-18,TCS-гдр,TCSG,27893,1979846561.6,4493.8,4252.8,4559.4,4375.0,4408.2,4280.2,449118,4421.8,4421.8,4375.0,1749682226.2,1749682226.2,1749682226.2,0.0,3
TQBR,2021-03-19,TCS-гдр,TCSG,14656,1219968835.6,4299.8,4201.0,4342.2,4325.0,4301.0,4312.0,283645,4302.0,4302.0,4325.0,1130963822.2,1130963822.2,1130963822.2,0.0,3
TQBR,2021-03-22,TCS-гдр,TCSG,15630,777962122.0,4328.8,4250.0,4460.0,4440.0,4369.6,4425.0,178035,4355.6,4355.6,4440.0,641370328.0,641370328.0,641370328.0,0.0,3
TQBR,2021-03-23,TCS-гдр,TCSG,17976,866497426.0,4448.0,4241.4,4448.0,4320.0,4322.6,4269.4,200455,4329.6,4329.6,4320.0,739664341.8,739664341.8,739664341.8,0.0,3
TQBR,2021-03-24,TCS-гдр,TCSG,13146,850897703.0,4260.0,4240.0,4360.0,4302.0,4304.4,4289.6,197677,4303.4,4303.4,4302.0,764114708.4,764114708.4,764114708.4,0.0,3
TQBR,2021-03-25,TCS-гдр,TCSG,8071,471705854.8,4265.0,4262.6,4360.6,4314.0,4303.0,4339.8,109604,4300.4,4300.4,4314.0,431434512.2,431434512.2,431434512.2,0.0,3
TQBR,2021-03-26,TCS-гдр,TCSG,14118,991678391.4,4333.8,4260.2,4456.8,4318.0,4345.0,4337.8,228286,4346.4,4346.4,4318.0,893082796.8,893082796.8,893082796.8,0.0,3
TQBR,2021-03-29,TCS-гдр,TCSG,8705,403593168.4,4324.0,4258.0,4366.4,4366.4,4325.2,4329.2,93310,4323.2,4323.2,4366.4,358571064.6,358571064.6,358571064.6,0.0,3
TQBR,2021-03-30,TCS-гдр,TCSG,23629,1574436190.6,4328.2,4322.6,4589.0,4503.2,4494.0,4475.2,350347,4494.2,4494.2,4503.2,1524426849.8,1524426849.8,1524426849.8,0.0,3
TQBR,2021-03-31,TCS-гдр,TCSG,14632,1141665875.2,4515.0,4382.0,4538.0,4407.0,4423.0,4436.0,258126,4422.8,4422.8,4407.0,1079074278.8,1079074278.8,1079074278.8,0.0,3
TQBR,2021-04-01,TCS-гдр,TCSG,23215,1696994544.6,4448.0,4425.2,4615.0,4513.6,4559.2,4568.8,372184,4560.4,4560.4,4513.6,1610050727.8,1610050727.8,1610050727.8,0.0,3
TQBR,2021-04-02,TCS-гдр,TCSG,16597,913541221.0,4596.0,4521.2,4788.0,4700.0,4668.4,4696.2,195689,4665.4,4665.4,4700.0,840585953.0,840585953.0,840585953.0,0.0,3
TQBR,2021-04-05,TCS-гдр,TCSG,17805,830922481.4,4737.6,4654.2,4798.0,4727.0,4740.6,4733.6,175280,4741.4,4741.4,4727.0,724950177.2,724950177.2,724950177.2,0.0,3
TQBR,2021-04-06,TCS-гдр,TCSG,25646,1532749069.0,4730.0,4629.2,4764.4,4717.0,4687.8,4700.4,326965,4687.0,4687.0,4717.0,1471161809.2,1471161809.2,1471161809.2,0.0,3
TQBR,2021-04-07,TCS-гдр,TCSG,30137,1854031246.6,4719.2,4514.0,4721.0,4550.0,4623.2,4590.8,401029,4625.8,4625.8,4550.0,1752115358.4,1752115358.4,1752115358.4,0.0,3
TQBR,2021-04-08,TCS-гдр,TCSG,19904,1345457962.8,4591.0,4516.2,4617.4,4555.0,4553.2,4545.0,295408,4555.0,4555.0,4555.0,1264239963.8,1264239963.8,1264239963.8,0.0,3
TQBR,2021-04-09,TCS-гдр,TCSG,16959,1085238230.4,4523.6,4518.0,4675.4,4525.0,4588.8,4558.8,236500,4591.0,4591.0,4525.0,1024413076.0,1024413076.0,1024413076.0,0.0,3
TQBR,2021-04-12,TCS-гдр,TCSG,16099,992106033.6,4550.2,4470.0,4595.0,4565.6,4539.6,4560.0,218543,4538.8,4538.8,4565.6,957389545.2,957389545.2,957389545.2,0.0,3
TQBR,2021-04-13,TCS-гдр,TCSG,26093,1900422884.0,4560.0,4363.6,4600.0,4456.0,4487.8,4450.0,423960,4484.6,4484.6,4456.0,1785386400.4,1785386400.4,1785386400.4,0.0,3
TQBR,2021-04-14,TCS-гдр,TCSG,22733,1374893608.4,4448.0,4320.0,4448.0,4395.6,4369.8,4375.2,314684,4368.2,4368.2,4395.6,1271800965.2,1271800965.2,1271800965.2,0.0,3
TQBR,2021-04-15,TCS-гдр,TCSG,17066,962360205.4,4388.0,4301.2,4422.6,4393.2,4362.0,4354.8,220624,4362.2,4362.2,4393.2,887683175.6,887683175.6,887683175.6,0.0,3
TQBR,2021-04-16,TCS-гдр,TCSG,26082,1530029741.2,4379.0,4312.4,4643.0,4643.0,4502.4,4588.8,339829,4495.8,4495.8,4643.0,1426906949.2,1426906949.2,1426906949.2,0.0,3
TQBR,2021-04-19,TCS-гдр,TCSG,12973,819810526.8,4611.2,4509.6,4648.0,4599.0,4567.0,4560.6,179507,4566.8,4566.8,4599.0,763350170.6,763350170.6,763350170.6,0.0,3
TQBR,2021-04-20,TCS-гдр,TCSG,32266,2082315207.6,4560.0,4350.0,4648.2,4390.6,4454.6,4425.4,467516,4457.4,4457.4,4390.6,1934158278.6,1934158278.6,1934158278.6,0.0,3
TQBR,2021-04-21,TCS-гдр,TCSG,36414,2230424975.6,4424.6,4248.2,4425.0,4259.0,4319.2,4354.8,516389,4317.2,4317.2,4259.0,1931731927.4,1931731927.4,1931731927.4,0.0,3
TQBR,2021-04-22,TCS-гдр,TCSG,24294,1530387438.4,4354.0,4277.0,4474.0,4399.0,4410.6,4379.0,347007,4411.4,4411.4,4399.0,1408901897.6,1408901897.6,1408901897.6,0.0,3
TQBR,2021-04-23,TCS-гдр,TCSG,13837,1159417439.2,4378.0,4363.0,4521.8,4500.0,4448.8,4463.2,260612,4447.4,4447.4,4500.0,1055841778.4,1055841778.4,1055841778.4,0.0,3
TQBR,2021-04-26,TCS-гдр,TCSG,15117,913912321.6,4485.6,4380.0,4555.4,4525.0,4479.6,4523.8,204014,4474.6,4474.6,4525.0,804315145.8,804315145.8,804315145.8,0.0,3
TQBR,2021-04-27,TCS-гдр,TCSG,15988,1192450317.4,4506.2,4461.0,4584.6,4471.0,4513.8,4477.0,264182,4516.2,4516.2,4471.0,1117228452.2,1117228452.2,1117228452.2,0.0,3
TQBR,2021-04-28,TCS-гдр,TCSG,19430,1260626124.8,4475.4,4345.0,4504.2,4379.8,4393.2,4420.0,286951,4393.0,4393.0,4379.8,1190537734.4,1190537734.4,1190537734.4,0.0,3
TQBR,2021-04-29,TCS-гдр,TCSG,22644,1342706548.6,4420.0,4254.0,4480.0,4308.6,4328.6,4319.0,310042,4333.0,4333.0,4308.6,1236432105.4,1236432105.4,1236432105.4,0.0,3
TQBR,2021-04-30,TCS-гдр,TCSG,16483,1322225112.8,4327.8,4260.0,4440.0,4347.8,4337.6,4361.4,304558,4340.8,4340.8,4347.8,1280561209.8,1280561209.8,1280561209.8,0.0,3
TQBR,2021-05-04,TCS-гдр,TCSG,14869,1037575899.6,4391.0,4310.0,4446.0,4435.0,4389.4,4444.0,236378,4387.4,4387.4,4435.0,974186910.4,974186910.4,974186910.4,0.0,3
TQBR,2021-05-05,TCS-гдр,TCSG,9996,664768702.0,4450.2,4405.0,4470.0,4470.0,4439.2,4454.8,149750,4437.6,4437.6,4470.0,614683637.8,614683637.8,614683637.8,0.0,3
TQBR,2021-05-06,TCS-гдр,TCSG,11269,919056115.4,4465.2,4392.2,4520.0,4520.0,4481.0,4512.0,205102,4479.4,4479.4,4520.0,852533470.8,852533470.8,852533470.8,0.0,3
TQBR,2021-05-07,TCS-гдр,TCSG,10290,689384647.4,4537.2,4454.2,4548.0,4540.0,4507.2,4523.8,152949,4505.0,4505.0,4540.0,630465158.0,630465158.0,630465158.0,0.0,3
TQBR,2021-05-10,TCS-гдр,TCSG,33156,2442396600.2,4500.0,4500.0,4930.0,4886.0,4791.4,4827.4,509746,4788.8,4788.8,4886.0,2263764467.4,2263764467.4,2263764467.4,0.0,3
TQBR,2021-05-11,TCS-гдр,TCSG,19448,1413256969.8,4807.2,4685.8,4878.0,4868.2,4792.0,4845.6,294904,4785.6,4785.6,4868.2,1282365792.6,1282365792.6,1282365792.6,0.0,3
TQBR,2021-05-12,TCS-гдр,TCSG,22892,1724655302.0,4846.0,4635.2,4871.8,4670.0,4716.8,4657.4,365541,4721.6,4721.6,4670.0,1631047744.2,1631047744.2,1631047744.2,0.0,3
TQBR,2021-05-13,TCS-гдр,TCSG,11786,943352303.0,4670.0,4584.6,4767.4,4707.4,4686.6,4727.6,201290,4681.8,4681.8,4707.4,849033881.0,849033881.0,849033881.0,0.0,3
TQBR,2021-05-14,TCS-гдр,TCSG,10575,612449956.0,4727.6,4580.0,4756.8,4633.0,4666.4,4610.0,131248,4670.2,4670.2,4633.0,561429915.4,561429915.4,561429915.4,0.0,3
TQBR,2021-05-17,TCS-гдр,TCSG,12388,778355132.6,4601.0,4500.6,4626.4,4512.4,4541.6,4593.2,171310,4543.0,4543.0,4512.4,720669807.2,720669807.2,720669807.2,0.0,3
TQBR,2021-05-18,TCS-гдр,TCSG,11449,813530112.0,4593.2,4565.4,4675.8,4645.0,4629.8,4636.8,175719,4628.6,4628.6,4645.0,751475340.2,751475340.2,751475340.2,0.0,3
TQBR,2021-05-19,TCS-гдр,TCSG,13831,986222636.6,4669.2,4515.6,4692.6,4565.2,4563.4,4575.8,216115,4562.6,4562.6,4565.2,930668668.6,930668668.6,930668668.6,0.0,3
TQBR,2021-05-20,TCS-гдр,TCSG,14527,1087129266.0,4543.4,4481.0,4683.0,4670.0,4587.2,4645.0,236994,4583.0,4583.0,4670.0,1014927221.8,1014927221.8,1014927221.8,0.0,3
TQBR,2021-05-21,TCS-гдр,TCSG,11259,896362277.2,4678.0,4654.4,4769.8,4760.4,4726.2,4730.2,189660,4726.4,4726.4,4760.4,805813008.4,805813008.4,805813008.4,0.0,3
TQBR,2021-05-24,TCS-гдр,TCSG,7788,543361404.2,4738.0,4730.0,4779.8,4771.8,4759.6,4756.0,114163,4759.6,4759.6,4771.8,513652502.8,513652502.8,513652502.8,0.0,3
TQBR,2021-05-25,TCS-гдр,TCSG,9247,679652415.6,4742.0,4742.0,4820.0,4807.0,4789.4,4809.2,141906,4788.4,4788.4,4807.0,631923360.4,631923360.4,631923360.4,0.0,3
TQBR,2021-05-26,TCS-гдр,TCSG,25789,1800923471.2,4796.0,4795.0,5137.0,5130.0,5005.6,5097.8,359780,4997.4,4997.4,5130.0,1644440025.0,1644440025.0,1644440025.0,0.0,3
TQBR,2021-05-27,TCS-гдр,TCSG,38552,6368873869.2,5108.4,5084.4,5669.8,5589.8,5482.6,5512.0,1161638,5478.2,5478.2,5589.8,5548156842.2,5548156842.2,5548156842.2,0.0,3
TQBR,2021-05-28,TCS-гдр,TCSG,26362,2883340487.2,5540.0,5422.2,5574.0,5514.8,5507.6,5491.0,523518,5508.2,5508.2,5514.8,2818869916.6,2818869916.6,2818869916.6,0.0,3
TQBR,2021-05-31,TCS-гдр,TCSG,11730,891316736.6,5539.8,5439.2,5672.2,5522.0,5510.0,5512.6,161762,5510.0,5510.0,5522.0,864648735.2,864648735.2,864648735.2,0.0,3
TQBR,2021-06-01,TCS-гдр,TCSG,22149,1857314568.8,5549.8,5432.4,5605.4,5494.6,5533.0,5472.2,335803,5537.4,5537.4,5494.6,1704839590.6,1704839590.6,1704839590.6,0.0,3
TQBR,2021-06-02,TCS-гдр,TCSG,40928,3709353545.8,5436.0,5123.0,5505.0,5330.0,5226.0,5315.0,708304,5234.6,5234.6,5330.0,3586468505.2,3586468505.2,3586468505.2,0.0,3
TQBR,2021-06-03,TCS-гдр,TCSG,23048,1977496477.0,5350.0,5110.0,5374.8,5165.0,5182.0,5183.0,381394,5185.8,5185.8,5165.0,1906493556.6,1906493556.6,1906493556.6,0.0,3
TQBR,2021-06-04,TCS-гдр,TCSG,33649,3019877216.0,5200.0,4986.2,5328.0,5310.0,5171.6,5308.4,584244,5162.4,5162.4,5310.0,2889002634.6,2889002634.6,2889002634.6,0.0,3
TQBR,2021-06-07,TCS-гдр,TCSG,15704,1216714324.8,5316.8,5162.4,5365.0,5230.0,5221.4,5230.0,233027,5221.0,5221.0,5230.0,1180421940.0,1180421940.0,1180421940.0,0.0,3
TQBR,2021-06-08,TCS-гдр,TCSG,13090,789073615.8,5194.2,5115.0,5273.6,5159.6,5174.4,5160.0,152553,5173.2,5173.2,5159.6,742409517.4,742409517.4,742409517.4,0.0,3
TQBR,2021-06-09,TCS-гдр,TCSG,13370,1021556036.0,5180.0,5164.4,5300.0,5297.0,5244.2,5300.0,194875,5237.6,5237.6,5297.0,917787588.6,917787588.6,917787588.6,0.0,3
TQBR,2021-06-10,TCS-гдр,TCSG,12349,1071217728.2,5298.0,5234.6,5375.0,5300.0,5333.2,5329.0,201007,5329.4,5329.4,5300.0,1017034356.6,1017034356.6,1017034356.6,0.0,3
TQBR,2021-06-11,TCS-гдр,TCSG,34551,2891308491.8,5349.0,5313.4,5806.2,5733.8,5609.6,5723.0,515488,5604.2,5604.2,5733.8,2768836687.6,2768836687.6,2768836687.6,0.0,3
TQBR,2021-06-14,TCS-гдр,TCSG,17563,1727498599.0,5700.0,5625.0,5846.4,5720.8,5722.8,5732.2,301860,5722.8,5722.8,5720.8,1686048502.8,1686048502.8,1686048502.8,0.0,3
TQBR,2021-06-15,TCS-гдр,TCSG,18691,1628128679.8,5736.4,5501.2,5769.2,5512.0,5637.6,5532.2,289084,5641.0,5641.0,5512.0,1494109636.8,1494109636.8,1494109636.8,0.0,3
TQBR,2021-06-16,TCS-гдр,TCSG,17519,1329388556.0,5532.2,5402.0,5566.2,5460.0,5464.4,5458.2,243286,5466.6,5466.6,5460.0,1186336620.6,1186336620.6,1186336620.6,0.0,3
TQBR,2021-06-17,TCS-гдр,TCSG,20975,1591384259.0,5470.0,5354.0,5480.0,5459.2,5409.6,5440.0,294156,5405.6,5405.6,5459.2,1460143668.2,1460143668.2,1460143668.2,0.0,3
TQBR,2021-06-18,TCS-гдр,TCSG,31504,3511814318.2,5476.0,5446.0,5766.0,5743.8,5680.2,5716.8,618247,5678.6,5678.6,5743.8,3399201631.6,3399201631.6,3399201631.6,0.0,3
TQBR,2021-06-21,TCS-гдр,TCSG,12482,1102227417.8,5745.0,5672.2,5773.4,5730.0,5723.8,5728.6,192577,5723.4,5723.4,5730.0,1066188769.4,1066188769.4,1066188769.4,0.0,3
TQBR,2021-06-22,TCS-гдр,TCSG,14165,1199766905.6,5726.2,5641.6,5857.0,5800.0,5757.8,5808.0,208287,5757.0,5757.0,5800.0,1117160166.6,1117160166.6,1117160166.6,0.0,3
TQBR,2021-06-23,TCS-гдр,TCSG,18390,1531855366.0,5844.0,5703.0,5971.6,5925.2,5815.8,5889.0,263798,5797.2,5797.2,5925.2,1398379595.4,1398379595.4,1398379595.4,0.0,3
TQBR,2021-06-24,TCS-гдр,TCSG,31652,2688413613.2,5911.0,5877.0,6250.0,6152.0,6110.0,6135.4,440143,6106.6,6106.6,6152.0,2569790439.6,2569790439.6,2569790439.6,0.0,3
TQBR,2021-06-25,TCS-гдр,TCSG,17157,1504119114.6,6096.2,6013.6,6163.8,6110.8,6101.0,6124.4,246728,6094.6,6094.6,6110.8,1415027275.0,1415027275.0,1415027275.0,0.0,3
TQBR,2021-06-28,TCS-гдр,TCSG,27932,2231588851.0,6136.0,6075.4,6317.8,6150.0,6199.2,6174.8,359981,6201.2,6201.2,6150.0,2099820897.6,2099820897.6,2099820897.6,0.0,3
TQBR,2021-06-29,TCS-гдр,TCSG,15035,1156419665.6,6175.0,6161.0,6265.0,6221.2,6221.8,6210.0,185896,6221.0,6221.0,6221.2,1065126171.4,1065126171.4,1065126171.4,0.0,3
TQBR,2021-06-30,TCS-гдр,TCSG,24584,2226965598.2,6170.0,6170.0,6479.0,6391.8,6363.0,6421.0,350046,6359.2,6359.2,6391.8,2120289551.0,2120289551.0,2120289551.0,0.0,3
TQBR,2021-07-01,TCS-гдр,TCSG,21703,1581958230.2,6439.4,6271.0,6439.4,6338.8,6344.6,6347.0,249459,6341.4,6341.4,6338.8,1460478178.4,1460478178.4,1460478178.4,0.0,3
TQBR,2021-07-02,TCS-гдр,TCSG,17041,1499223971.0,6302.0,6300.8,6443.2,6381.6,6390.8,6383.2,234661,6388.8,6388.8,6381.6,1454032128.2,1454032128.2,1454032128.2,0.0,3
TQBR,2021-07-05,TCS-гдр,TCSG,20550,1473905819.2,6383.2,6383.2,6644.0,6578.0,6521.0,6630.0,226117,6497.6,6497.6,6578.0,1201560412.4,1201560412.4,1201560412.4,0.0,3
TQBR,2021-07-06,TCS-гдр,TCSG,51916,4496769480.6,6640.0,6567.2,6991.0,6727.0,6824.8,6762.2,659016,6826.0,6826.0,6727.0,4287697132.0,4287697132.0,4287697132.0,0.0,3
TQBR,2021-07-07,TCS-гдр,TCSG,26143,2133467263.0,6753.0,6621.0,6891.0,6660.6,6759.6,6680.6,315656,6763.8,6763.8,6660.6,1983282329.0,1983282329.0,1983282329.0,0.0,3
TQBR,2021-07-08,TCS-гдр,TCSG,17879,1574458034.2,6719.4,6551.2,6719.4,6652.4,6638.8,6673.0,237212,6633.6,6633.6,6652.4,1419498351.4,1419498351.4,1419498351.4,0.0,3
TQBR,2021-07-09,TCS-гдр,TCSG,14296,1179873239.6,6694.8,6568.2,6720.6,6600.0,6628.2,6625.0,178080,6628.2,6628.2,6600.0,1066886473.8,1066886473.8,1066886473.8,0.0,3
TQBR,2021-07-12,TCS-гдр,TCSG,20289,1683910275.4,6657.4,6626.8,6802.6,6751.8,6719.8,6796.6,250574,6714.4,6714.4,6751.8,1541431943.2,1541431943.2,1541431943.2,0.0,3
TQBR,2021-07-13,TCS-гдр,TCSG,34084,2574282789.6,6810.0,6455.0,6828.0,6455.0,6561.8,6527.4,392331,6567.4,6567.4,6455.0,2382067273.8,2382067273.8,2382067273.8,0.0,3
TQBR,2021-07-14,TCS-гдр,TCSG,43794,3464954715.2,6519.4,6112.4,6539.8,6289.4,6278.6,6306.0,551866,6278.0,6278.0,6289.4,3340247974.0,3340247974.0,3340247974.0,0.0,3
TQBR,2021-07-15,TCS-гдр,TCSG,18128,1348702178.4,6306.0,6187.0,6460.0,6359.0,6340.8,6393.0,212702,6336.6,6336.6,6359.0,1222062765.8,1222062765.8,1222062765.8,0.0,3
TQBR,2021-07-16,TCS-гдр,TCSG,23523,2217271065.8,6397.2,6330.2,6591.0,6440.4,6468.0,6412.0,342804,6470.4,6470.4,6440.4,2094231056.8,2094231056.8,2094231056.8,0.0,3
TQBR,2021-07-19,TCS-гдр,TCSG,16558,1345266909.6,6400.0,6250.0,6495.0,6347.0,6368.0,6379.0,211254,6369.8,6369.8,6347.0,1247984207.2,1247984207.2,1247984207.2,0.0,3
TQBR,2021-07-20,TCS-гдр,TCSG,11856,1022528669.4,6414.8,6325.0,6467.0,6444.0,6401.0,6410.2,159746,6399.0,6399.0,6444.0,920458116.4,920458116.4,920458116.4,0.0,3
TQBR,2021-07-21,TCS-гдр,TCSG,12812,1273215597.4,6430.4,6410.4,6565.0,6477.0,6497.8,6480.0,195945,6500.2,6500.2,6477.0,1167108537.0,1167108537.0,1167108537.0,0.0,3
TQBR,2021-07-22,TCS-гдр,TCSG,12400,1128711538.0,6518.0,6406.8,6570.0,6500.0,6495.0,6519.0,173779,6494.6,6494.6,6500.0,1086385740.6,1086385740.6,1086385740.6,0.0,3
TQBR,2021-07-23,TCS-гдр,TCSG,9854,846507811.8,6525.0,6461.4,6557.8,6520.0,6512.2,6523.2,129989,6512.2,6512.2,6520.0,795054563.4,795054563.4,795054563.4,0.0,3
TQBR,2021-07-26,TCS-гдр,TCSG,14207,1215718876.2,6519.0,6420.0,6666.0,6632.0,6563.8,6660.0,185216,6554.0,6554.0,6632.0,1085655966.2,1085655966.2,1085655966.2,0.0,3
TQBR,2021-07-27,TCS-гдр,TCSG,18993,1656700448.2,6660.0,6356.0,6768.0,6368.0,6494.8,6474.8,255084,6503.4,6503.4,6368.0,1415577383.4,1415577383.4,1415577383.4,0.0,3
TQBR,2021-07-28,TCS-гдр,TCSG,18838,1311915675.4,6455.0,6218.4,6492.0,6324.0,6316.8,6314.0,207578,6321.4,6321.4,6324.0,1188912184.8,1188912184.8,1188912184.8,0.0,3
TQBR,2021-07-29,TCS-гдр,TCSG,14881,2188338622.6,6314.0,6250.0,6400.0,6400.0,6338.8,6357.0,345230,6336.0,6336.0,6400.0,2020627983.4,2020627983.4,2020627983.4,0.0,3
TQBR,2021-07-30,TCS-гдр,TCSG,30451,2252855512.6,6364.4,5970.0,6368.0,6098.0,6134.4,6113.8,367428,6132.4,6132.4,6098.0,2137021681.0,2137021681.0,2137021681.0,0.0,3
TQBR,2021-08-02,TCS-гдр,TCSG,17323,1406063409.0,6100.0,6025.0,6255.0,6222.0,6161.2,6169.8,228192,6159.4,6159.4,6222.0,1304716661.2,1304716661.2,1304716661.2,0.0,3
TQBR,2021-08-03,TCS-гдр,TCSG,19203,1735047942.6,6150.0,6127.0,6449.2,6387.8,6349.6,6416.6,273241,6346.2,6346.2,6387.8,1616632290.0,1616632290.0,1616632290.0,0.0,3
TQBR,2021-08-04,TCS-гдр,TCSG,18847,1665667275.4,6420.0,6382.0,6577.0,6571.8,6511.4,6544.2,255807,6508.8,6508.8,6571.8,1533665405.6,1533665405.6,1533665405.6,0.0,3
TQBR,2021-08-05,TCS-гдр,TCSG,24712,2257859539.6,6569.0,6524.6,6761.8,6750.0,6680.0,6747.2,338000,6674.4,6674.4,6750.0,1997447639.6,1997447639.6,1997447639.6,0.0,3
TQBR,2021-08-06,TCS-гдр,TCSG,21275,2081651275.6,6760.0,6674.0,6875.0,6751.0,6801.2,6749.0,306071,6813.2,6813.2,6751.0,1779430686.0,1779430686.0,1779430686.0,0.0,3
TQBR,2021-08-09,TCS-гдр,TCSG,25233,2109924264.0,6750.0,6702.0,6983.2,6945.8,6903.8,6925.0,305597,6902.0,6902.0,6945.8,1988231168.4,1988231168.4,1988231168.4,0.0,3
TQBR,2021-08-10,TCS-гдр,TCSG,25818,2160098013.8,6940.0,6923.4,7104.6,7018.0,7040.0,7062.2,306836,7039.6,7039.6,7018.0,2038706447.2,2038706447.2,2038706447.2,0.0,3
TQBR,2021-08-11,TCS-гдр,TCSG,17734,1495156718.2,7050.0,6951.4,7095.8,7039.6,7041.6,7027.0,212385,7040.6,7040.6,7039.6,1388974208.6,1388974208.6,1388974208.6,0.0,3
TQBR,2021-08-12,TCS-гдр,TCSG,13474,1308143567.8,7032.0,6961.4,7084.0,7030.0,7011.6,7025.2,186610,7009.6,7009.6,7030.0,1257798386.4,1257798386.4,1257798386.4,0.0,3
TQBR,2021-08-13,TCS-гдр,TCSG,8268,599501181.0,7016.0,6988.8,7059.8,7041.0,7037.6,7047.0,85186,7037.8,7037.8,7041.0,536323103.8,536323103.8,536323103.8,0.0,3
TQBR,2021-08-16,TCS-гдр,TCSG,23247,1910193224.8,7069.0,7029.0,7249.0,7200.0,7175.6,7213.6,266022,7178.6,7178.6,7200.0,1796377319.8,1796377319.8,1796377319.8,0.0,3
TQBR,2021-08-17,TCS-гдр,TCSG,26986,2494022266.6,7223.0,7188.0,7436.0,7421.8,7348.0,7433.8,339416,7340.2,7340.2,7421.8,2204271242.2,2204271242.2,2204271242.2,0.0,3
TQBR,2021-08-18,TCS-гдр,TCSG,33220,2785388771.6,7468.8,7120.0,7499.0,7270.8,7275.2,7213.0,382802,7278.0,7278.0,7270.8,2655598612.2,2655598612.2,2655598612.2,0.0,3
TQBR,2021-08-19,TCS-гдр,TCSG,39673,3069729474.4,7186.2,6843.4,7329.6,6929.2,7031.6,6983.4,436465,7036.0,7036.0,6929.2,2893024098.2,2893024098.2,2893024098.2,0.0,3
TQBR,2021-08-20,TCS-гдр,TCSG,27145,1987273544.8,7023.2,6771.8,7080.0,6832.2,6891.2,6844.4,288381,6893.2,6893.2,6832.2,1901192522.0,1901192522.0,1901192522.0,0.0,3
TQBR,2021-08-23,TCS-гдр,TCSG,21578,1443979902.2,6897.0,6874.4,7056.0,6908.0,6974.6,7003.2,207031,6975.4,6975.4,6908.0,1294247881.0,1294247881.0,1294247881.0,0.0,3
TQBR,2021-08-24,TCS-гдр,TCSG,18218,1511170609.8,7043.2,6906.2,7083.4,7051.2,6989.8,7029.0,216198,6987.0,6987.0,7051.2,1406420004.8,1406420004.8,1406420004.8,0.0,3
TQBR,2021-08-25,TCS-гдр,TCSG,13455,1095997697.4,7001.8,6964.2,7130.0,7000.0,7018.4,7005.4,156162,7018.8,7018.8,7000.0,993165578.8,993165578.8,993165578.8,0.0,3
TQBR,2021-08-26,TCS-гдр,TCSG,35772,2636153433.4,7034.4,6666.0,7065.0,6710.2,6828.2,6807.0,385875,6837.2,6837.2,6710.2,2301471384.6,2301471384.6,2301471384.6,0.0,3
TQBR,2021-08-27,TCS-гдр,TCSG,53823,3512300963.0,6830.4,6475.6,6830.4,6630.0,6594.8,6633.0,532547,6592.0,6592.0,6630.0,3207252611.8,3207252611.8,3207252611.8,0.0,3
TQBR,2021-08-30,TCS-гдр,TCSG,23810,1581757372.2,6667.6,6564.6,6725.0,6597.0,6622.4,6600.8,238844,6626.0,6626.0,6597.0,1441226783.0,1441226783.0,1441226783.0,0.0,3
TQBR,2021-08-31,TCS-гдр,TCSG,35320,3131867597.4,6580.0,6416.0,6631.4,6500.0,6505.4,6452.2,481353,6508.2,6508.2,6500.0,2985063144.2,2985063144.2,2985063144.2,0.0,3
TQBR,2021-09-01,TCS-гдр,TCSG,41245,3617694414.6,6453.0,6453.0,6926.8,6854.0,6734.2,6889.4,537291,6722.8,6722.8,6854.0,3350778058.0,3350778058.0,3350778058.0,0.0,3
TQBR,2021-09-02,TCS-гдр,TCSG,38042,3486805821.0,6890.0,6716.0,7021.2,7021.0,6927.2,6986.0,503352,6923.0,6923.0,7021.0,3271354112.2,3271354112.2,3271354112.2,0.0,3
TQBR,2021-09-03,TCS-гдр,TCSG,32637,3501865632.8,6980.0,6890.6,7072.2,7004.0,6990.6,6999.4,500939,6990.4,6990.4,7004.0,3383571255.4,3383571255.4,3383571255.4,0.0,3
TQBR,2021-09-06,TCS-гдр,TCSG,21483,1928829444.6,7039.6,6863.6,7083.4,7009.8,6963.6,6961.2,276962,6963.2,6963.2,7009.8,1822016152.8,1822016152.8,1822016152.8,0.0,3
TQBR,2021-09-07,TCS-гдр,TCSG,16521,1633039494.6,6999.6,6863.2,7037.0,6911.8,6925.4,6897.0,235811,6926.0,6926.0,6911.8,1578611897.8,1578611897.8,1578611897.8,0.0,3
TQBR,2021-09-08,TCS-гдр,TCSG,23742,2270563877.0,6940.0,6660.4,6940.0,6704.2,6756.2,6702.8,336071,6759.8,6759.8,6704.2,2128424765.8,2128424765.8,2128424765.8,0.0,3
TQBR,2021-09-09,TCS-гдр,TCSG,23805,2156349932.4,6696.0,6578.4,6854.0,6805.6,6724.6,6752.2,320668,6722.2,6722.2,6805.6,2049430957.6,2049430957.6,2049430957.6,0.0,3
TQBR,2021-09-10,TCS-гдр,TCSG,16293,1359093552.8,6792.6,6739.4,6880.6,6800.0,6820.6,6803.2,199298,6820.4,6820.4,6800.0,1254382783.6,1254382783.6,1254382783.6,0.0,3
TQBR,2021-09-13,TCS-гдр,TCSG,21324,1803973704.2,6850.0,6642.4,6856.0,6781.6,6726.4,6794.0,268196,6722.8,6722.8,6781.6,1702417850.2,1702417850.2,1702417850.2,0.0,3
TQBR,2021-09-14,TCS-гдр,TCSG,28230,1801425281.2,6800.0,6530.0,6830.0,6645.0,6646.0,6637.2,271043,6646.6,6646.6,6645.0,1704907995.8,1704907995.8,1704907995.8,0.0,3
TQBR,2021-09-15,TCS-гдр,TCSG,31069,2464265112.0,6666.8,6412.0,6679.8,6440.6,6485.6,6486.8,379944,6487.0,6487.0,6440.6,2299477555.4,2299477555.4,2299477555.4,0.0,3
TQBR,2021-09-16,TCS-гдр,TCSG,33915,3147308378.4,6497.0,6369.0,6634.0,6573.8,6497.2,6553.0,484402,6490.6,6490.6,6573.8,2937968405.0,2937968405.0,2937968405.0,0.0,3
TQBR,2021-09-17,TCS-гдр,TCSG,20489,2566450088.6,6550.2,6550.0,6800.0,6800.0,6732.0,6740.0,381207,6729.8,6729.8,6800.0,2340143465.2,2340143465.2,2340143465.2,0.0,3
TQBR,2021-09-20,TCS-гдр,TCSG,19135,1892320853.2,6750.0,6560.2,6827.2,6743.0,6712.6,6725.0,281910,6712.0,6712.0,6743.0,1746569854.0,1746569854.0,1746569854.0,0.0,3
TQBR,2021-09-21,TCS-гдр,TCSG,14048,1508928989.6,6747.6,6590.2,6750.0,6695.6,6682.4,6687.0,225805,6682.0,6682.0,6695.6,1387965802.2,1387965802.2,1387965802.2,0.0,3
TQBR,2021-09-22,TCS-гдр,TCSG,14119,1385196062.4,6680.0,6631.0,6778.4,6667.0,6696.0,6681.0,206867,6697.6,6697.6,6667.0,1288191432.2,1288191432.2,1288191432.2,0.0,3
TQBR,2021-09-23,TCS-гдр,TCSG,7525,610771906.6,6733.4,6643.4,6737.8,6686.6,6674.0,6693.0,91514,6673.2,6673.2,6686.6,553051076.6,553051076.6,553051076.6,0.0,3
TQBR,2021-09-24,TCS-гдр,TCSG,12994,1163507902.2,6715.2,6505.8,6721.4,6537.8,6585.6,6565.0,176677,6588.2,6588.2,6537.8,1056987633.8,1056987633.8,1056987633.8,0.0,3
TQBR,2021-09-27,TCS-гдр,TCSG,17564,1563790115.6,6599.0,6402.8,6614.2,6415.0,6451.2,6449.4,242396,6452.0,6452.0,6415.0,1428105378.4,1428105378.4,1428105378.4,0.0,3
TQBR,2021-09-28,TCS-гдр,TCSG,25942,2273137625.4,6468.0,6170.0,6471.0,6223.2,6256.2,6197.2,363340,6258.6,6258.6,6223.2,2159501382.8,2159501382.8,2159501382.8,0.0,3
TQBR,2021-09-29,TCS-гдр,TCSG,16420,1629898099.0,6173.0,6173.0,6423.8,6387.8,6343.2,6402.0,256951,6340.2,6340.2,6387.8,1540072692.0,1540072692.0,1540072692.0,0.0,3
TQBR,2021-09-30,TCS-гдр,TCSG,23354,2842460081.6,6404.0,6332.0,6689.0,6661.4,6531.0,6628.4,435227,6523.8,6523.8,6661.4,2634225456.0,2634225456.0,2634225456.0,0.0,3
TQBR,2021-10-01,TCS-гдр,TCSG,27194,2639357685.0,6654.0,6572.2,6822.0,6781.2,6752.2,6778.6,390888,6750.2,6750.2,6781.2,2500045807.6,2500045807.6,2500045807.6,0.0,3
TQBR,2021-10-04,TCS-гдр,TCSG,29229,2910517467.4,6788.0,6650.0,6943.0,6673.0,6842.0,6667.2,425388,6856.4,6856.4,6673.0,2699501333.8,2699501333.8,2699501333.8,0.0,3
TQBR,2021-10-05,TCS-гдр,TCSG,19973,2010144593.2,6690.0,6660.0,6884.8,6829.8,6795.4,6835.0,295811,6794.2,6794.2,6829.8,1910194252.2,1910194252.2,1910194252.2,0.0,3
TQBR,2021-10-06,TCS-гдр,TCSG,30808,3524162629.8,6890.0,6783.8,7011.2,6940.0,6916.8,6986.2,509511,6912.2,6912.2,6940.0,3274821603.6,3274821603.6,3274821603.6,0.0,3
TQBR,2021-10-07,TCS-гдр,TCSG,28216,2937987588.0,7000.0,6996.0,7236.0,7178.6,7162.6,7140.0,410182,7165.4,7165.4,7178.6,2715798486.6,2715798486.6,2715798486.6,0.0,3
TQBR,2021-10-08,TCS-гдр,TCSG,17319,1943340943.8,7158.0,7063.2,7244.4,7157.4,7141.2,7155.0,272129,7139.8,7139.8,7157.4,1830326340.8,1830326340.8,1830326340.8,0.0,3
TQBR,2021-10-11,TCS-гдр,TCSG,16663,1622809130.6,7170.0,7051.0,7225.0,7193.0,7155.6,7206.0,226788,7152.2,7152.2,7193.0,1491415880.4,1491415880.4,1491415880.4,0.0,3
TQBR,2021-10-12,TCS-гдр,TCSG,19318,2415148197.8,7197.8,7132.8,7361.0,7348.0,7272.0,7331.4,332119,7268.0,7268.0,7348.0,2273489782.2,2273489782.2,2273489782.2,0.0,3
TQBR,2021-10-13,TCS-гдр,TCSG,52620,5428150434.0,7360.0,7290.0,7677.6,7590.0,7539.0,7610.4,720126,7535.4,7535.4,7590.0,5228651957.8,5228651957.8,5228651957.8,0.0,3
TQBR,2021-10-14,TCS-гдр,TCSG,40082,4298501666.2,7644.0,7542.2,7924.6,7758.0,7813.8,7767.6,550164,7820.0,7820.0,7758.0,3981499071.0,3981499071.0,3981499071.0,0.0,3
TQBR,2021-10-15,TCS-гдр,TCSG,17246,1936824392.4,7820.0,7678.6,7893.8,7820.0,7796.0,7820.2,248436,7792.4,7792.4,7820.0,1742008148.0,1742008148.0,1742008148.0,0.0,3
TQBR,2021-10-18,TCS-гдр,TCSG,23404,2297164933.0,7849.8,7700.2,7945.2,7710.8,7816.6,7724.0,293825,7822.4,7822.4,7710.8,2186961453.2,2186961453.2,2186961453.2,0.0,3
TQBR,2021-10-19,TCS-гдр,TCSG,21045,2159310163.8,7728.0,7485.2,7836.6,7778.0,7677.6,7805.0,281265,7673.4,7673.4,7778.0,2084141082.8,2084141082.8,2084141082.8,0.0,3
TQBR,2021-10-20,TCS-гдр,TCSG,22342,2538267293.0,7847.8,7770.0,7944.0,7850.0,7858.4,7824.4,322987,7859.4,7859.4,7850.0,2457055711.6,2457055711.6,2457055711.6,0.0,3
TQBR,2021-10-21,TCS-гдр,TCSG,22007,1532087373.2,7858.2,7815.2,7924.2,7847.0,7872.0,7853.0,194664,7871.4,7871.4,7847.0,1408756609.8,1408756609.8,1408756609.8,0.0,3
TQBR,2021-10-22,TCS-гдр,TCSG,14289,1397500980.2,7860.6,7642.4,7909.8,7676.0,7760.2,7660.0,180086,7768.4,7768.4,7676.0,1274061855.2,1274061855.2,1274061855.2,0.0,3
TQBR,2021-10-25,TCS-гдр,TCSG,15436,1531314566.2,7660.0,7500.0,7754.0,7599.2,7581.2,7600.0,201947,7582.2,7582.2,7599.2,1365453549.2,1365453549.2,1365453549.2,0.0,3
TQBR,2021-10-26,TCS-гдр,TCSG,21482,2019121668.2,7648.8,7300.0,7648.8,7322.8,7402.2,7310.2,272759,7414.2,7414.2,7322.8,1788104791.8,1788104791.8,1788104791.8,0.0,3
TQBR,2021-10-27,TCS-гдр,TCSG,25083,2895488662.6,7347.8,7067.0,7449.2,7275.2,7224.2,7268.0,400781,7222.4,7222.4,7275.2,2778024854.2,2778024854.2,2778024854.2,0.0,3
TQBR,2021-10-28,TCS-гдр,TCSG,18327,2203415602.6,7268.0,7208.0,7420.0,7358.2,7308.0,7396.8,301508,7297.4,7297.4,7358.2,1902504512.6,1902504512.6,1902504512.6,0.0,3
TQBR,2021-10-29,TCS-гдр,TCSG,14458,1572932926.0,7469.0,7185.4,7469.0,7301.6,7275.2,7310.0,216205,7273.6,7273.6,7301.6,1448822046.6,1448822046.6,1448822046.6,0.0,3
TQBR,2021-11-01,TCS-гдр,TCSG,29204,3153231989.6,7324.8,7304.2,7816.0,7749.8,7627.6,7790.8,413397,7608.8,7608.8,7749.8,2820938339.8,2820938339.8,2820938339.8,0.0,3
TQBR,2021-11-02,TCS-гдр,TCSG,22450,2503161415.4,7824.8,7700.0,7970.0,7872.8,7858.4,7867.0,318535,7858.4,7858.4,7872.8,2365586141.2,2365586141.2,2365586141.2,0.0,3
TQBR,2021-11-03,TCS-гдр,TCSG,15320,1658123414.6,7899.0,7702.0,7944.0,7885.8,7844.4,7852.8,211376,7842.2,7842.2,7885.8,1511349199.6,1511349199.6,1511349199.6,0.0,3
TQBR,2021-11-05,TCS-гдр,TCSG,23116,2232180239.2,7900.0,7760.0,8040.2,8023.0,7928.2,8025.0,281551,7919.2,7919.2,8023.0,2019766117.6,2019766117.6,2019766117.6,0.0,3
TQBR,2021-11-08,TCS-гдр,TCSG,38868,4239582271.0,8005.0,8005.0,8518.4,8360.6,8342.6,8345.0,508184,8342.8,8342.8,8360.6,4029665949.6,4029665949.6,4029665949.6,0.0,3
TQBR,2021-11-09,TCS-гдр,TCSG,37543,3222053333.0,8400.0,7876.6,8474.2,7957.0,8092.8,7983.6,398134,8103.0,8103.0,7957.0,2904830679.4,2904830679.4,2904830679.4,0.0,3
TQBR,2021-11-10,TCS-гдр,TCSG,40408,4204543305.2,7983.6,7605.0,8180.0,7678.0,7804.2,7654.2,538750,7820.0,7820.0,7678.0,3816938484.0,3816938484.0,3816938484.0,0.0,3
TQBR,2021-11-11,TCS-гдр,TCSG,59960,5684813877.0,7670.0,7312.0,7780.0,7534.0,7472.4,7508.0,760772,7481.6,7481.6,7534.0,4872244128.6,4872244128.6,4872244128.6,0.0,3
TQBR,2021-11-12,TCS-гдр,TCSG,34480,3087259244.4,7559.0,7230.0,7559.0,7282.4,7320.2,7334.0,421715,7320.2,7320.2,7282.4,2755057287.6,2755057287.6,2755057287.6,0.0,3
TQBR,2021-11-15,TCS-гдр,TCSG,41533,4966947187.0,7335.0,7335.0,7681.8,7397.4,7522.6,7422.6,660268,7529.2,7529.2,7397.4,4650046758.8,4650046758.8,4650046758.8,0.0,3
TQBR,2021-11-16,TCS-гдр,TCSG,42376,3892540386.0,7465.0,7142.4,7541.8,7344.4,7298.2,7395.6,533297,7286.0,7286.0,7344.4,3458857908.2,3458857908.2,3458857908.2,0.0,3
TQBR,2021-11-17,TCS-гдр,TCSG,32714,3267454210.6,7450.0,7217.0,7450.0,7270.0,7293.6,7242.2,447986,7298.2,7298.2,7270.0,2991356302.4,2991356302.4,2991356302.4,0.0,3
TQBR,2021-11-18,TCS-гдр,TCSG,34336,2718068558.8,7225.0,7150.0,7460.0,7420.0,7339.8,7382.0,370294,7331.8,7331.8,7420.0,2424602230.8,2424602230.8,2424602230.8,0.0,3
TQBR,2021-11-19,TCS-гдр,TCSG,40468,3716114633.0,7420.0,7032.2,7480.0,7084.0,7186.0,7094.4,517134,7193.0,7193.0,7084.0,3486256622.2,3486256622.2,3486256622.2,0.0,3
TQBR,2021-11-22,TCS-гдр,TCSG,65034,5847476550.8,7075.0,6537.6,7150.0,6629.4,6721.8,6615.8,869728,6731.6,6731.6,6629.4,5388773786.4,5388773786.4,5388773786.4,0.0,3
TQBR,2021-11-23,TCS-гдр,TCSG,75013,7984221602.4,6600.0,6308.2,7050.0,6986.0,6718.2,7048.0,1189752,6695.4,6695.4,6986.0,7580474997.0,7580474997.0,7580474997.0,0.0,3
TQBR,2021-11-24,TCS-гдр,TCSG,60877,6119887738.6,7071.0,6827.0,7355.8,6845.0,7079.0,6888.0,864511,7087.8,7087.8,6845.0,5867151899.2,5867151899.2,5867151899.2,0.0,3
TQBR,2021-11-25,TCS-гдр,TCSG,43568,4108877887.4,6935.2,6903.6,7324.6,7205.0,7165.2,7262.0,573417,7157.6,7157.6,7205.0,3756088298.6,3756088298.6,3756088298.6,0.0,3
TQBR,2021-11-26,TCS-гдр,TCSG,43119,3833601362.4,7000.0,6780.2,7150.0,6810.6,6886.8,6811.0,556612,6892.8,6892.8,6810.6,3507063079.6,3507063079.6,3507063079.6,0.0,3
TQBR,2021-11-29,TCS-гдр,TCSG,30757,3032589541.4,6950.0,6814.2,7098.8,6950.0,6928.8,6938.2,437626,6927.8,6927.8,6950.0,2782560447.4,2782560447.4,2782560447.4,0.0,3
TQBR,2021-11-30,TCS-гдр,TCSG,41240,6909031761.4,6741.0,6529.0,7245.0,7245.0,7072.0,7114.0,976949,7071.6,7071.6,7245.0,6089601550.0,6089601550.0,6089601550.0,0.0,3
TQBR,2021-12-01,TCS-гдр,TCSG,51038,5832312844.2,7255.4,7175.0,7542.2,7440.0,7387.6,7358.0,789456,7389.4,7389.4,7440.0,5170302156.6,5170302156.6,5170302156.6,0.0,3
TQBR,2021-12-02,TCS-гдр,TCSG,26382,2669806104.8,7477.0,7175.4,7519.6,7205.0,7289.8,7222.0,366240,7296.2,7296.2,7205.0,2430922759.2,2430922759.2,2430922759.2,0.0,3
TQBR,2021-12-03,TCS-гдр,TCSG,23312,2494296519.2,7271.0,7220.0,7405.0,7270.4,7306.0,7307.6,341407,7312.8,7312.8,7270.4,2135376701.0,2135376701.0,2135376701.0,0.0,3
TQBR,2021-12-06,TCS-гдр,TCSG,55912,4187375072.0,7351.8,6629.4,7407.6,6629.4,6831.6,6679.0,612947,6854.2,6854.2,6629.4,3524775982.4,3524775982.4,3524775982.4,0.0,3
TQBR,2021-12-07,TCS-гдр,TCSG,71592,6467142427.2,6659.0,6315.0,6913.0,6536.8,6512.6,6563.0,992197,6505.6,6505.6,6536.8,5609925943.2,5609925943.2,5609925943.2,0.0,3
TQBR,2021-12-08,TCS-гдр,TCSG,69140,5292636373.0,6599.8,6141.0,6750.0,6166.6,6378.2,6245.4,829891,6372.4,6372.4,6166.6,4605197095.0,4605197095.0,4605197095.0,0.0,3
TQBR,2021-12-09,TCS-гдр,TCSG,49462,4253973399.0,6212.0,6020.0,6523.0,6261.0,6336.0,6322.4,671399,6358.6,6358.6,6261.0,3734056174.4,3734056174.4,3734056174.4,0.0,3
TQBR,2021-12-10,TCS-гдр,TCSG,38554,2702681291.4,6360.0,6113.2,6392.0,6354.0,6248.0,6310.2,432562,6237.6,6237.6,6354.0,2299581112.2,2299581112.2,2299581112.2,0.0,3
TQBR,2021-12-13,TCS-гдр,TCSG,55851,4448783121.4,6330.0,5870.0,6444.8,5946.0,6087.0,5919.8,730857,6102.8,6102.8,5946.0,3640913054.8,3640913054.8,3640913054.8,0.0,3
TQBR,2021-12-14,TCS-гдр,TCSG,46062,3884890819.8,5890.0,5400.6,6047.8,5901.4,5854.8,5970.0,663534,5884.8,5884.8,5901.4,3022188012.8,3022188012.8,3022188012.8,0.0,3
TQBR,2021-12-15,TCS-гдр,TCSG,28899,2104189650.2,5982.4,5866.0,6186.0,5986.8,6012.6,6140.2,349957,5983.6,5983.6,5986.8,1370823543.2,1370823543.2,1370823543.2,0.0,3
TQBR,2021-12-16,TCS-гдр,TCSG,56941,4716700508.0,6170.0,5980.0,6300.0,6222.0,6137.4,6112.6,768513,6126.8,6126.8,6222.0,3748130099.0,3748130099.0,3748130099.0,0.0,3
TQBR,2021-12-17,TCS-гдр,TCSG,21860,2164375041.6,6149.4,6020.0,6186.2,6084.2,6093.2,6119.0,355210,6093.8,6093.8,6084.2,1805829686.6,1805829686.6,1805829686.6,0.0,3
TQBR,2021-12-20,TCS-гдр,TCSG,25562,1656248089.8,6097.8,5830.0,6138.8,6008.4,5977.0,6006.2,277105,5967.8,5967.8,6008.4,1362676119.6,1362676119.6,1362676119.6,0.0,3
TQBR,2021-12-21,TCS-гдр,TCSG,29529,2639910704.4,6014.0,5985.0,6274.0,6054.0,6130.4,6105.0,430628,6144.6,6144.6,6054.0,2203414373.6,2203414373.6,2203414373.6,0.0,3
TQBR,2021-12-22,TCS-гдр,TCSG,27956,2207395081.6,6129.8,5960.0,6159.8,6017.4,6047.4,5960.0,365017,6054.0,6054.0,6017.4,1710210338.2,1710210338.2,1710210338.2,0.0,3
TQBR,2021-12-23,TCS-гдр,TCSG,21971,1437720819.8,5965.0,5870.0,6035.0,5971.8,5960.2,5972.8,241220,5958.6,5958.6,5971.8,1161753697.8,1161753697.8,1161753697.8,0.0,3
TQBR,2021-12-24,TCS-гдр,TCSG,15447,977338401.6,5989.4,5855.0,6030.0,6000.0,5954.6,5991.8,164133,5950.4,5950.4,6000.0,826202677.4,826202677.4,826202677.4,0.0,3
TQBR,2021-12-27,TCS-гдр,TCSG,19637,1143044344.8,5991.6,5926.4,6095.8,5994.0,5993.4,6013.2,190714,5993.6,5993.6,5994.0,925372614.4,925372614.4,925372614.4,0.0,3
TQBR,2021-12-28,TCS-гдр,TCSG,24576,1740823140.2,6013.2,5953.0,6209.8,6081.6,6079.0,6099.0,286365,6083.6,6083.6,6081.6,1503528129.2,1503528129.2,1503528129.2,0.0,3
TQBR,2021-12-29,TCS-гдр,TCSG,28195,2064155521.2,6099.8,5880.0,6146.0,5927.4,5979.0,5960.8,345231,5978.0,5978.0,5927.4,1799752196.4,1799752196.4,1799752196.4,0.0,3
TQBR,2021-12-30,TCS-гдр,TCSG,30375,2458344348.8,5940.0,5902.6,6162.6,6102.6,6043.8,6118.0,406761,6031.6,6031.6,6102.6,2013160292.0,2013160292.0,2013160292.0,0.0,3
