#,moment,value
1,12/30/2021 18:44,74.7691
2,12/30/2021 13:45,74.6381
3,12/29/2021 18:44,74.1529
4,12/29/2021 13:45,73.7603
5,12/28/2021 18:44,73.8209
6,12/28/2021 13:45,73.6063
7,12/27/2021 18:44,73.4707
8,12/27/2021 13:45,73.4768
9,12/24/2021 18:44,73.6638
10,12/24/2021 13:45,73.4312
11,12/23/2021 18:44,73.5107
12,12/23/2021 13:45,73.3732
13,12/22/2021 18:44,73.6965
14,12/22/2021 13:45,73.7681
15,12/21/2021 18:44,73.9466
16,12/21/2021 13:45,73.9407
17,12/20/2021 18:44,74.2143
18,12/20/2021 13:45,74.3138
19,12/17/2021 18:44,74.0605
20,12/17/2021 13:45,73.8275
21,12/16/2021 18:44,73.6424
22,12/16/2021 13:45,73.4905
23,12/15/2021 18:44,74.0283
24,12/15/2021 13:45,73.8051
25,12/14/2021 18:44,73.5858
26,12/14/2021 13:45,73.5888
27,12/13/2021 18:44,73.594
28,12/13/2021 13:45,73.4091
29,12/10/2021 18:44,73.4122
30,12/10/2021 13:45,73.4846
31,12/9/2021 18:44,73.6004
32,12/9/2021 13:45,73.6863
33,12/8/2021 18:44,73.7111
34,12/8/2021 13:45,73.7126
35,12/7/2021 18:44,74.1626
36,12/7/2021 13:45,74.3795
37,12/6/2021 18:44,73.9663
38,12/6/2021 13:45,73.7628
39,12/3/2021 18:44,73.8278
40,12/3/2021 13:45,73.6357
41,12/2/2021 18:44,73.5905
42,12/2/2021 13:45,73.9474
43,12/1/2021 18:44,73.9032
44,12/1/2021 13:45,73.9551
45,11/30/2021 18:44,74.3059
46,11/30/2021 13:45,74.8103
47,11/29/2021 18:44,74.595
48,11/29/2021 13:45,74.9202
49,11/26/2021 18:44,75.5293
50,11/26/2021 13:45,75.3748
51,11/25/2021 18:44,74.6494
52,11/25/2021 13:45,74.5888
53,11/24/2021 18:44,74.9354
54,11/24/2021 13:45,74.6082
55,11/23/2021 18:44,75.0567
56,11/23/2021 13:45,74.9023
57,11/22/2021 18:44,74.8559
58,11/22/2021 13:45,74.2803
59,11/19/2021 18:44,73.3627
60,11/19/2021 13:45,73.3498
61,11/18/2021 18:44,73.1929
62,11/18/2021 13:45,72.8248
63,11/17/2021 18:44,72.502
64,11/17/2021 13:45,72.8041
65,11/16/2021 18:44,73.3715
66,11/16/2021 13:45,72.6862
67,11/15/2021 18:44,72.7218
68,11/15/2021 13:45,72.2298
69,11/12/2021 18:44,72.6808
70,11/12/2021 13:45,72.2071
71,11/11/2021 18:44,71.1756
72,11/11/2021 13:45,71.17
73,11/10/2021 18:44,70.8577
74,11/10/2021 13:45,70.7656
75,11/9/2021 18:44,70.7557
76,11/9/2021 13:45,70.9948
77,11/8/2021 18:44,71.2722
78,11/8/2021 13:45,71.4284
79,11/5/2021 18:44,71.1912
80,11/5/2021 13:45,71.6041
81,11/3/2021 18:44,72.2071
82,11/3/2021 13:45,71.8824
83,11/2/2021 18:44,71.5951
84,11/2/2021 13:45,71.7693
85,11/1/2021 18:44,71.2568
86,11/1/2021 13:45,70.8674
87,10/29/2021 18:44,70.9006
88,10/29/2021 13:45,70.6618
89,10/28/2021 18:44,70.2435
90,10/28/2021 13:45,70.5237
91,10/27/2021 18:44,70.4674
92,10/27/2021 13:45,70.2748
93,10/26/2021 18:44,69.6204
94,10/26/2021 13:45,69.3725
95,10/25/2021 18:44,69.8867
96,10/25/2021 13:45,69.9246
97,10/22/2021 18:44,70.4049
98,10/22/2021 13:45,70.1408
99,10/21/2021 18:44,71.1602
100,10/21/2021 13:45,71.1213
101,10/20/2021 18:44,70.8854
102,10/20/2021 13:45,70.9788
103,10/19/2021 18:44,70.8984
104,10/19/2021 13:45,70.8737
105,10/18/2021 18:44,71.299
106,10/18/2021 13:45,71.2664
107,10/15/2021 18:44,70.9694
108,10/15/2021 13:45,71.2063
109,10/14/2021 18:44,71.514
110,10/14/2021 13:45,71.6604
111,10/13/2021 18:44,72.0628
112,10/13/2021 13:45,71.8241
113,10/12/2021 18:44,71.8411
114,10/12/2021 13:45,71.8461
115,10/11/2021 18:44,71.6297
116,10/11/2021 13:45,71.6286
117,10/8/2021 18:44,71.7445
118,10/8/2021 13:45,72.0333
119,10/7/2021 18:44,71.8612
120,10/7/2021 13:45,72.1617
121,10/6/2021 18:44,72.4815
122,10/6/2021 13:45,72.6409
123,10/5/2021 18:44,72.3099
124,10/5/2021 13:45,72.6088
125,10/4/2021 18:44,72.5599
126,10/4/2021 13:45,72.9498
127,10/1/2021 18:44,72.6765
128,10/1/2021 13:45,73.173
129,9/30/2021 18:44,72.6641
130,9/30/2021 13:45,72.8109
131,9/29/2021 18:44,72.8149
132,9/29/2021 13:45,72.7431
133,9/28/2021 18:44,72.923
134,9/28/2021 13:45,72.6543
135,9/27/2021 18:44,72.4743
136,9/27/2021 13:45,72.6236
137,9/24/2021 18:44,72.8393
138,9/24/2021 13:45,72.8983
139,9/23/2021 18:44,72.8229
140,9/23/2021 13:45,72.6793
141,9/22/2021 18:44,72.7108
142,9/22/2021 13:45,72.7749
143,9/21/2021 18:44,73.1269
144,9/21/2021 13:45,73.2473
145,9/20/2021 18:44,73.4931
146,9/20/2021 13:45,73.3803
147,9/17/2021 18:44,72.8012
148,9/17/2021 13:45,72.6537
149,9/16/2021 18:44,72.5472
150,9/16/2021 13:45,72.4957
151,9/15/2021 18:44,72.4934
152,9/15/2021 13:45,72.6564
153,9/14/2021 18:44,72.7812
154,9/14/2021 13:45,72.9395
155,9/13/2021 18:44,72.7114
156,9/13/2021 13:45,72.9958
157,9/10/2021 18:44,73.1052
158,9/10/2021 13:45,72.8065
159,9/9/2021 18:44,72.9104
160,9/9/2021 13:45,72.9975
161,9/8/2021 18:44,73.3618
162,9/8/2021 13:45,73.351
163,9/7/2021 18:44,73.2938
164,9/7/2021 13:45,73.2631
165,9/6/2021 18:44,73.0535
166,9/6/2021 13:45,72.9623
167,9/3/2021 18:44,72.687
168,9/3/2021 13:45,72.7939
169,9/2/2021 18:44,72.7875
170,9/2/2021 13:45,72.7827
171,9/1/2021 18:44,72.9265
172,9/1/2021 13:45,73.0484
173,8/31/2021 18:44,73.3094
174,8/31/2021 13:45,73.2668
175,8/30/2021 18:44,73.4503
176,8/30/2021 13:45,73.5546
177,8/27/2021 18:44,73.6002
178,8/27/2021 13:45,74.0515
179,8/26/2021 18:44,74.2007
180,8/26/2021 13:45,74.0141
181,8/25/2021 18:44,74.0241
182,8/25/2021 13:45,73.7164
183,8/24/2021 18:44,73.7704
184,8/24/2021 13:45,73.926
185,8/23/2021 18:44,74.1425
186,8/23/2021 13:45,74.0527
187,8/20/2021 18:44,74.4052
188,8/20/2021 13:45,74.4912
189,8/19/2021 18:44,74.2813
190,8/19/2021 13:45,74.1135
191,8/18/2021 18:44,73.8256
192,8/18/2021 13:45,73.6689
193,8/17/2021 18:44,73.5179
194,8/17/2021 13:45,73.4736
195,8/16/2021 18:44,73.278
196,8/16/2021 13:45,73.402
197,8/13/2021 18:44,73.2015
198,8/13/2021 13:45,73.4592
199,8/12/2021 18:44,73.5658
200,8/12/2021 13:45,73.4873
201,8/11/2021 18:44,73.7659
202,8/11/2021 13:45,74.0556
203,8/10/2021 18:44,73.9296
204,8/10/2021 13:45,73.6103
205,8/9/2021 18:44,73.6573
206,8/9/2021 13:45,73.456
207,8/6/2021 18:44,73.4374
208,8/6/2021 13:45,73.1853
209,8/5/2021 18:44,73.0439
210,8/5/2021 13:45,73.1509
211,8/4/2021 18:44,73.2858
212,8/4/2021 13:45,72.9013
213,8/3/2021 18:44,73.0432
214,8/3/2021 13:45,72.8282
215,8/2/2021 18:44,72.946
216,8/2/2021 13:45,72.9033
217,7/30/2021 18:44,73.0965
218,7/30/2021 13:45,72.9441
219,7/29/2021 18:44,73.1033
220,7/29/2021 13:45,73.146
221,7/28/2021 18:44,73.687
222,7/28/2021 13:45,73.5163
223,7/27/2021 18:44,73.8048
224,7/27/2021 13:45,73.7347
225,7/26/2021 18:44,73.7135
226,7/26/2021 13:45,74.0797
227,7/23/2021 18:44,73.7261
228,7/23/2021 13:45,73.5923
229,7/22/2021 18:44,73.9258
230,7/22/2021 13:45,73.784
231,7/21/2021 18:44,73.9337
232,7/21/2021 13:45,74.3057
233,7/20/2021 18:44,74.496
234,7/20/2021 13:45,74.4987
235,7/19/2021 18:44,74.5651
236,7/19/2021 13:45,74.5766
237,7/16/2021 18:44,74.1049
238,7/16/2021 13:45,74.1185
239,7/15/2021 18:44,74.2188
240,7/15/2021 13:45,74.1646
241,7/14/2021 18:44,74.2593
242,7/14/2021 13:45,74.1369
243,7/13/2021 18:44,74.0675
244,7/13/2021 13:45,74.0336
245,7/12/2021 18:44,74.4003
246,7/12/2021 13:45,74.6883
247,7/9/2021 18:44,74.2719
248,7/9/2021 13:45,74.2741
249,7/8/2021 18:44,74.7366
250,7/8/2021 13:45,75.1846
251,7/7/2021 18:44,74.7621
252,7/7/2021 13:45,74.2068
253,7/6/2021 18:44,74.2718
254,7/6/2021 13:45,73.4037
255,7/5/2021 18:44,73.4745
256,7/5/2021 13:45,73.3493
257,7/2/2021 18:44,73.3713
258,7/2/2021 13:45,73.6053
259,7/1/2021 18:44,73.4242
260,7/1/2021 13:45,72.9416
261,6/30/2021 18:44,73.1345
262,6/30/2021 13:45,73.1547
263,6/29/2021 18:44,72.7822
264,6/29/2021 13:45,72.5931
265,6/28/2021 18:44,72.1997
266,6/28/2021 13:45,72.1978
267,6/25/2021 18:30,72.1952
268,6/25/2021 13:45,72.15
269,6/24/2021 18:30,72.2812
270,6/24/2021 13:45,72.2962
271,6/23/2021 18:30,72.5379
272,6/23/2021 13:45,72.6223
273,6/22/2021 18:30,73.1045
274,6/22/2021 13:45,73.1789
275,6/21/2021 18:30,73.1618
276,6/21/2021 13:45,73.0716
277,6/18/2021 18:30,72.732
278,6/18/2021 13:45,72.2113
279,6/17/2021 18:30,72.3092
280,6/17/2021 13:45,72.6106
281,6/16/2021 18:30,71.9598
282,6/16/2021 13:45,71.9977
283,6/15/2021 18:30,72.2804
284,6/15/2021 13:45,71.8951
285,6/14/2021 18:30,72.0848
286,6/14/2021 13:45,72.283
287,6/11/2021 18:30,72.068
288,6/11/2021 13:45,71.6325
289,6/10/2021 18:30,71.8765
290,6/10/2021 13:45,72.2095
291,6/9/2021 18:30,72.2895
292,6/9/2021 13:45,72.1625
293,6/8/2021 18:30,72.4019
294,6/8/2021 13:45,72.6488
295,6/7/2021 18:30,72.8725
296,6/7/2021 13:45,72.874
297,6/4/2021 18:30,72.839
298,6/4/2021 13:45,73.249
299,6/3/2021 18:30,73.2285
300,6/3/2021 13:45,73.178
301,6/2/2021 18:30,73.2055
302,6/2/2021 13:45,73.5051
303,6/1/2021 18:30,73.5156
304,6/1/2021 13:45,73.4609
305,5/31/2021 18:30,73.4107
306,5/31/2021 13:45,73.4306
307,5/28/2021 18:30,73.2753
308,5/28/2021 13:45,73.5631
309,5/27/2021 18:30,73.4637
310,5/27/2021 13:45,73.404
311,5/26/2021 18:30,73.5359
312,5/26/2021 13:45,73.6272
313,5/25/2021 18:30,73.4678
314,5/25/2021 13:45,73.4425
315,5/24/2021 18:30,73.4613
316,5/24/2021 13:45,73.5921
317,5/21/2021 18:30,73.464
318,5/21/2021 13:45,73.4269
319,5/20/2021 18:30,73.5203
320,5/20/2021 13:45,73.6118
321,5/19/2021 18:30,73.74
322,5/19/2021 13:45,73.7325
323,5/18/2021 18:30,73.7447
324,5/18/2021 13:45,73.6912
325,5/17/2021 18:30,73.9503
326,5/17/2021 13:45,73.9943
327,5/14/2021 18:30,73.9691
328,5/14/2021 13:45,74.0185
329,5/13/2021 18:30,74.0054
330,5/13/2021 13:45,74.4144
331,5/12/2021 18:30,74.4701
332,5/12/2021 13:45,74.235
333,5/11/2021 18:30,74.0697
334,5/11/2021 13:45,73.9277
335,5/10/2021 18:30,74.1416
336,5/10/2021 13:45,73.9205
337,5/7/2021 18:30,73.6468
338,5/7/2021 13:45,74.0883
339,5/6/2021 18:30,74.3263
340,5/6/2021 13:45,74.6101
341,5/5/2021 18:30,74.7677
342,5/5/2021 13:45,74.7804
343,5/4/2021 18:30,75.0626
344,5/4/2021 13:45,74.8978
345,4/30/2021 18:30,75.1589
346,4/30/2021 13:45,75.0248
347,4/29/2021 18:30,74.4732
348,4/29/2021 13:45,74.2992
349,4/28/2021 18:30,74.6993
350,4/28/2021 13:45,74.7065
351,4/27/2021 18:30,74.8485
352,4/27/2021 13:45,74.9174
353,4/26/2021 18:30,74.8381
354,4/26/2021 13:45,74.975
355,4/23/2021 18:30,74.9333
356,4/23/2021 13:45,74.9651
357,4/22/2021 18:30,75.734
358,4/22/2021 13:45,76.2086
359,4/21/2021 18:30,76.5745
360,4/21/2021 13:45,76.5306
361,4/20/2021 18:30,76.9274
362,4/20/2021 13:45,76.2907
363,4/19/2021 18:30,76.2898
364,4/19/2021 13:45,76.1713
365,4/16/2021 18:30,75.8085
366,4/16/2021 13:45,75.777
367,4/15/2021 18:30,76.3212
368,4/15/2021 13:45,76.9007
369,4/14/2021 18:30,75.5658
370,4/14/2021 13:45,75.7842
371,4/13/2021 18:30,76.7198
372,4/13/2021 13:45,77.1338
373,4/12/2021 18:30,77.4508
374,4/12/2021 13:45,77.2334
375,4/9/2021 18:30,77.3423
376,4/9/2021 13:45,77.214
377,4/8/2021 18:30,76.6759
378,4/8/2021 13:45,77.163
379,4/7/2021 18:30,77.087
380,4/7/2021 13:45,77.6153
381,4/6/2021 18:30,77.2598
382,4/6/2021 13:45,76.451
383,4/5/2021 18:30,76.1597
384,4/5/2021 13:45,76.372
385,4/2/2021 18:30,76.4322
386,4/2/2021 13:45,76.237
387,4/1/2021 18:30,76.308
388,4/1/2021 13:45,76.156
389,3/31/2021 18:30,75.5488
390,3/31/2021 13:45,75.5287
391,3/30/2021 18:30,76.0049
392,3/30/2021 13:45,75.92
393,3/29/2021 18:30,75.8077
394,3/29/2021 13:45,76.0359
395,3/26/2021 18:30,75.8353
396,3/26/2021 13:45,76.0171
397,3/25/2021 18:30,76.5085
398,3/25/2021 13:45,75.9244
399,3/24/2021 18:30,76.3745
400,3/24/2021 13:45,76.0462
401,3/23/2021 18:30,75.9984
402,3/23/2021 13:45,75.932
403,3/22/2021 18:30,74.8046
404,3/22/2021 13:45,74.4681
405,3/19/2021 18:30,74.2042
406,3/19/2021 13:45,73.7937
407,3/18/2021 18:30,74.2515
408,3/18/2021 13:45,73.6697
409,3/17/2021 18:30,73.8582
410,3/17/2021 13:45,73.0953
411,3/16/2021 18:30,72.819
412,3/16/2021 13:45,72.8838
413,3/15/2021 18:30,73.1386
414,3/15/2021 13:45,73.0975
415,3/12/2021 18:30,73.4977
416,3/12/2021 13:45,73.5102
417,3/11/2021 18:30,73.5511
418,3/11/2021 13:45,73.7096
419,3/10/2021 18:30,73.863
420,3/10/2021 13:45,74.0324
421,3/9/2021 18:30,73.8715
422,3/9/2021 13:45,74.0125
423,3/5/2021 18:30,74.2439
424,3/5/2021 13:45,74.5796
425,3/4/2021 18:30,73.6703
426,3/4/2021 13:45,73.7995
427,3/3/2021 18:30,73.9825
428,3/3/2021 13:45,73.7629
429,3/2/2021 18:30,73.8448
430,3/2/2021 13:45,74.6139
431,3/1/2021 18:30,74.0333
432,3/1/2021 13:45,74.0732
433,2/26/2021 18:30,74.8334
434,2/26/2021 13:45,74.4916
435,2/25/2021 18:30,74.0393
436,2/25/2021 13:45,73.5476
437,2/24/2021 18:30,73.7524
438,2/24/2021 13:45,73.6682
439,2/22/2021 18:30,74.364
440,2/22/2021 13:45,74.6448
441,2/20/2021 18:30,74.0525
442,2/20/2021 13:45,73.9173
443,2/19/2021 18:30,73.9521
444,2/19/2021 13:45,73.896
445,2/18/2021 18:30,74.1061
446,2/18/2021 13:45,73.7605
447,2/17/2021 18:30,74.1228
448,2/17/2021 13:45,73.8679
449,2/16/2021 18:30,73.6429
450,2/16/2021 13:45,73.2362
451,2/15/2021 18:30,73.3413
452,2/15/2021 13:45,73.3258
453,2/12/2021 18:30,73.9497
454,2/12/2021 13:45,74.2861
455,2/11/2021 18:30,73.6006
456,2/11/2021 13:45,73.7325
457,2/10/2021 18:30,73.8787
458,2/10/2021 13:45,73.8338
459,2/9/2021 18:30,74.0527
460,2/9/2021 13:45,74.0113
461,2/8/2021 18:30,74.2576
462,2/8/2021 13:45,74.5275
463,2/5/2021 18:30,74.6955
464,2/5/2021 13:45,74.9439
465,2/4/2021 18:30,75.6633
466,2/4/2021 13:45,75.4821
467,2/3/2021 18:30,75.9943
468,2/3/2021 13:45,76.0737
469,2/2/2021 18:30,75.6805
470,2/2/2021 13:45,75.9315
471,2/1/2021 18:30,75.9033
472,2/1/2021 13:45,75.7075
473,1/29/2021 18:30,75.3448
474,1/29/2021 13:45,76.162
475,1/28/2021 18:30,76.0877
476,1/28/2021 13:45,76.1645
477,1/27/2021 18:30,75.6797
478,1/27/2021 13:45,75.3485
479,1/26/2021 18:30,75.0295
480,1/26/2021 13:45,75.526
481,1/25/2021 18:30,75.7165
482,1/25/2021 13:45,75.1873
483,1/22/2021 18:30,74.9175
484,1/22/2021 13:45,74.9296
485,1/21/2021 18:30,73.6366
486,1/21/2021 13:45,73.6476
487,1/20/2021 18:30,73.4648
488,1/20/2021 13:45,73.4811
489,1/19/2021 18:30,73.8008
490,1/19/2021 13:45,73.7473
491,1/18/2021 18:30,74.2197
492,1/18/2021 13:45,74.2476
493,1/15/2021 18:30,73.8192
494,1/15/2021 13:45,73.3727
495,1/14/2021 18:30,73.4128
496,1/14/2021 13:45,73.2879
497,1/13/2021 18:30,73.6447
498,1/13/2021 13:45,73.8583
499,1/12/2021 18:30,73.7115
500,1/12/2021 13:45,74.1413
501,1/11/2021 18:30,74.737
502,1/11/2021 13:45,74.6049
503,1/8/2021 18:30,74.3543
504,1/8/2021 13:45,74.422
505,1/6/2021 18:30,73.953
506,1/6/2021 13:45,73.6343
507,1/5/2021 18:30,74.2923
508,1/5/2021 13:45,74.6034
509,1/4/2021 18:30,73.7341
510,1/4/2021 13:45,73.2793
511,12/30/2020 18:30,74.7773
512,12/30/2020 13:45,74.424
513,12/29/2020 18:30,73.7984
514,12/29/2020 13:45,73.4205
515,12/28/2020 18:30,73.7487
516,12/28/2020 13:45,73.7151
517,12/25/2020 18:30,74.216
518,12/25/2020 13:45,73.8937
519,12/24/2020 18:30,73.9928
520,12/24/2020 13:45,74.631
521,12/23/2020 18:30,75.1028
522,12/23/2020 13:45,75.2258
523,12/22/2020 18:30,75.4368
524,12/22/2020 13:45,75.3558
525,12/21/2020 18:30,75.0725
526,12/21/2020 13:45,75.2685
527,12/18/2020 18:30,73.5012
528,12/18/2020 13:45,73.6645
529,12/17/2020 18:30,72.962
530,12/17/2020 13:45,72.8891
531,12/16/2020 18:30,73.6086
532,12/16/2020 13:45,73.4025
533,12/15/2020 18:30,73.6022
534,12/15/2020 13:45,73.3415
535,12/14/2020 18:30,73.2569
536,12/14/2020 13:45,73.0353
537,12/11/2020 18:30,73.0515
538,12/11/2020 13:45,73.2311
539,12/10/2020 18:30,73.1473
540,12/10/2020 13:45,73.4326
541,12/9/2020 18:30,73.527
542,12/9/2020 13:45,73.343
543,12/8/2020 18:30,73.4088
544,12/8/2020 13:45,73.277
545,12/7/2020 18:30,73.5576
546,12/7/2020 13:45,74.3721
547,12/4/2020 18:30,73.9063
548,12/4/2020 13:45,74.3369
549,12/3/2020 18:30,74.3895
550,12/3/2020 13:45,75.1408
551,12/2/2020 18:30,75.2945
552,12/2/2020 13:45,75.6985
553,12/1/2020 18:30,75.6183
554,12/1/2020 13:45,76.016
555,11/30/2020 18:30,76.2139
556,11/30/2020 13:45,76.0683
557,11/27/2020 18:30,76.014
558,11/27/2020 13:45,75.9028
559,11/26/2020 18:30,75.7033
560,11/26/2020 13:45,75.6094
561,11/25/2020 18:30,75.8554
562,11/25/2020 13:45,75.6769
563,11/24/2020 18:30,75.8146
564,11/24/2020 13:45,76.0919
565,11/23/2020 18:30,76.3013
566,11/23/2020 13:45,75.938
567,11/20/2020 18:30,76.1228
568,11/20/2020 13:45,76.0369
569,11/19/2020 18:30,76.3219
570,11/19/2020 13:45,76.4541
571,11/18/2020 18:30,75.9579
572,11/18/2020 13:45,75.6703
573,11/17/2020 18:30,76.3385
574,11/17/2020 13:45,76.5195
575,11/16/2020 18:30,76.5716
576,11/16/2020 13:45,76.8404
577,11/13/2020 18:30,77.669
578,11/13/2020 13:45,77.3839
579,11/12/2020 18:30,77.0311
580,11/12/2020 13:45,76.7026
581,11/11/2020 18:30,76.8364
582,11/11/2020 13:45,76.1621
583,11/10/2020 18:30,76.4625
584,11/10/2020 13:45,76.3742
585,11/9/2020 18:30,75.7893
586,11/9/2020 13:45,77.1719
587,11/6/2020 18:30,77.5553
588,11/6/2020 13:45,77.4989
589,11/5/2020 18:30,77.1798
590,11/5/2020 13:45,77.7388
591,11/3/2020 18:30,79.2961
592,11/3/2020 13:45,79.694
593,11/2/2020 18:30,80.5373
594,11/2/2020 13:45,80.4891
595,10/30/2020 18:30,79.4439
596,10/30/2020 13:45,79.3326
597,10/29/2020 18:30,78.9549
598,10/29/2020 13:45,79.3
599,10/28/2020 18:30,78.6421
600,10/28/2020 13:45,78.3189
601,10/27/2020 18:30,77.0869
602,10/27/2020 13:45,76.5203
603,10/26/2020 18:30,76.212
604,10/26/2020 13:45,76.5033
605,10/23/2020 18:30,76.2387
606,10/23/2020 13:45,76.3938
607,10/22/2020 18:30,76.4815
608,10/22/2020 13:45,76.8953
609,10/21/2020 18:30,76.7848
610,10/21/2020 13:45,77.0901
611,10/20/2020 18:30,77.4249
612,10/20/2020 13:45,77.7778
613,10/19/2020 18:30,77.5388
614,10/19/2020 13:45,77.7069
615,10/16/2020 18:30,77.8843
616,10/16/2020 13:45,78.1425
617,10/15/2020 18:30,78.2795
618,10/15/2020 13:45,77.9102
619,10/14/2020 18:30,77.5393
620,10/14/2020 13:45,77.5115
621,10/13/2020 18:30,77.0924
622,10/13/2020 13:45,77.1008
623,10/12/2020 18:30,77.0868
624,10/12/2020 13:45,77.0762
625,10/9/2020 18:30,76.7659
626,10/9/2020 13:45,77.1994
627,10/8/2020 18:30,77.554
628,10/8/2020 13:45,77.5865
629,10/7/2020 18:30,78.2649
630,10/7/2020 13:45,78.405
631,10/6/2020 18:30,78.0938
632,10/6/2020 13:45,78.2506
633,10/5/2020 18:30,78.4005
634,10/5/2020 13:45,78.4913
635,10/2/2020 18:30,78.2605
636,10/2/2020 13:45,78.4763
637,10/1/2020 18:30,77.4748
638,10/1/2020 13:45,77.246
639,9/30/2020 18:30,77.6493
640,9/30/2020 13:45,78.2348
641,9/29/2020 18:30,79.147
642,9/29/2020 13:45,78.9173
643,9/28/2020 18:30,79.0448
644,9/28/2020 13:45,78.761
645,9/25/2020 18:30,78.2659
646,9/25/2020 13:45,77.5649
647,9/24/2020 18:30,77.2276
648,9/24/2020 13:45,77.0683
649,9/23/2020 18:30,76.7731
650,9/23/2020 13:45,76.4498
651,9/22/2020 18:30,76.1337
652,9/22/2020 13:45,75.931
653,9/21/2020 18:30,76.4463
654,9/21/2020 13:45,76.2749
655,9/18/2020 18:30,75.5806
656,9/18/2020 13:45,75.0642
657,9/17/2020 18:30,75.2492
658,9/17/2020 13:45,74.9797
659,9/16/2020 18:30,74.7904
660,9/16/2020 13:45,74.8156
661,9/15/2020 18:30,75.0085
662,9/15/2020 13:45,75.0938
663,9/14/2020 18:30,75.1198
664,9/14/2020 13:45,75.2258
665,9/11/2020 18:30,74.9725
666,9/11/2020 13:45,74.8143
667,9/10/2020 18:30,75.0873
668,9/10/2020 13:45,75.3212
669,9/9/2020 18:30,75.3744
670,9/9/2020 13:45,75.945
671,9/8/2020 18:30,76.443
672,9/8/2020 13:45,76.3704
673,9/7/2020 18:30,75.8207
674,9/7/2020 13:45,76.1234
675,9/4/2020 18:30,75.559
676,9/4/2020 13:45,75.055
677,9/3/2020 18:30,75.4603
678,9/3/2020 13:45,75.392
679,9/2/2020 18:30,75.5773
680,9/2/2020 13:45,74.0708
681,9/1/2020 18:30,73.505
682,9/1/2020 13:45,73.5642
683,8/31/2020 18:30,74.251
684,8/31/2020 13:45,73.8245
685,8/28/2020 18:30,74.2458
686,8/28/2020 13:45,74.3598
687,8/27/2020 18:30,75.1822
688,8/27/2020 13:45,75.2867
689,8/26/2020 18:30,75.4833
690,8/26/2020 13:45,75.8709
691,8/25/2020 18:30,75.2656
692,8/25/2020 13:45,74.6714
693,8/24/2020 18:30,74.4788
694,8/24/2020 13:45,74.2922
695,8/21/2020 18:30,74.7793
696,8/21/2020 13:45,74.4919
697,8/20/2020 18:30,74.1115
698,8/20/2020 13:45,73.7615
699,8/19/2020 18:30,73.133
700,8/19/2020 13:45,73.4819
701,8/18/2020 18:30,73.2255
702,8/18/2020 13:45,73.0222
703,8/17/2020 18:30,73.465
704,8/17/2020 13:45,73.4806
705,8/14/2020 18:30,72.8928
706,8/14/2020 13:45,73.3799
707,8/13/2020 18:30,73.1062
708,8/13/2020 13:45,73.3855
709,8/12/2020 18:30,73.5348
710,8/12/2020 13:45,73.0725
711,8/11/2020 18:30,73.0019
712,8/11/2020 13:45,72.8045
713,8/10/2020 18:30,73.5642
714,8/10/2020 13:45,73.696
715,8/7/2020 18:30,73.6525
716,8/7/2020 13:45,73.553
717,8/6/2020 18:30,73.4404
718,8/6/2020 13:45,73.4613
719,8/5/2020 18:30,72.6627
720,8/5/2020 13:45,73.0175
721,8/4/2020 18:30,73.6691
722,8/4/2020 13:45,73.805
723,8/3/2020 18:30,73.3633
724,8/3/2020 13:45,73.7675
725,7/31/2020 18:30,74.2632
726,7/31/2020 13:45,73.8941
727,7/30/2020 18:30,73.6677
728,7/30/2020 13:45,73.6211
729,7/29/2020 18:30,72.4621
730,7/29/2020 13:45,72.5068
731,7/28/2020 18:30,72.6092
732,7/28/2020 13:45,72.2547
733,7/27/2020 18:30,71.7793
734,7/27/2020 13:45,71.4684
735,7/24/2020 18:30,71.7167
736,7/24/2020 13:45,71.6585
737,7/23/2020 18:30,71.3476
738,7/23/2020 13:45,71.288
739,7/22/2020 18:30,71.1907
740,7/22/2020 13:45,70.9058
741,7/21/2020 18:30,70.6379
742,7/21/2020 13:45,70.7467
743,7/20/2020 18:30,71.4336
744,7/20/2020 13:45,71.5814
745,7/17/2020 18:30,71.8603
746,7/17/2020 13:45,71.7273
747,7/16/2020 18:30,71.2182
748,7/16/2020 13:45,71.2245
749,7/15/2020 18:30,70.9519
750,7/15/2020 13:45,71.0546
751,7/14/2020 18:30,71.1479
752,7/14/2020 13:45,71.0703
753,7/13/2020 18:30,70.5834
754,7/13/2020 13:45,70.8805
755,7/10/2020 18:30,70.7646
756,7/10/2020 13:45,71.1749
757,7/9/2020 18:30,71.0176
758,7/9/2020 13:45,70.7342
759,7/8/2020 18:30,71.2736
760,7/8/2020 13:45,71.1161
761,7/7/2020 18:30,71.2796
762,7/7/2020 13:45,72.0691
763,7/6/2020 18:30,71.5731
764,7/6/2020 13:45,71.9299
765,7/3/2020 18:30,71.5163
766,7/3/2020 13:45,71.2066
767,7/2/2020 18:30,70.498
768,7/2/2020 13:45,70.3358
769,6/30/2020 18:30,71.1794
770,6/30/2020 13:45,70.8626
771,6/29/2020 18:30,70.2205
772,6/29/2020 13:45,69.9715
773,6/26/2020 18:30,69.7669
774,6/26/2020 13:45,69.3385
775,6/25/2020 18:30,69.1558
776,6/25/2020 13:45,69.385
777,6/23/2020 18:30,68.6285
778,6/23/2020 13:45,68.835
779,6/22/2020 18:30,69.279
780,6/22/2020 13:45,69.4511
781,6/19/2020 18:30,69.4445
782,6/19/2020 13:45,69.4839
783,6/18/2020 18:30,69.6209
784,6/18/2020 13:45,69.3645
785,6/17/2020 18:30,69.7438
786,6/17/2020 13:45,69.6673
787,6/16/2020 18:30,69.6069
788,6/16/2020 13:45,69.62
789,6/15/2020 18:30,70.077
790,6/15/2020 13:45,70.3081
791,6/11/2020 18:30,69.6764
792,6/11/2020 13:45,68.9657
793,6/10/2020 18:30,68.7818
794,6/10/2020 13:45,68.7845
795,6/9/2020 18:30,68.5387
796,6/9/2020 13:45,68.8236
797,6/8/2020 18:30,68.3643
798,6/8/2020 13:45,68.2361
799,6/5/2020 18:30,68.4188
800,6/5/2020 13:45,68.8108
801,6/4/2020 18:30,69.4155
802,6/4/2020 13:45,69.1478
803,6/3/2020 18:30,68.4991
804,6/3/2020 13:45,68.6218
805,6/2/2020 18:30,68.9346
806,6/2/2020 13:45,68.6063
807,6/1/2020 18:30,69.566
808,6/1/2020 13:45,69.6685
809,5/29/2020 18:30,70.6745
810,5/29/2020 13:45,70.5432
811,5/28/2020 18:30,70.5519
812,5/28/2020 13:45,70.9325
813,5/27/2020 18:30,71.2119
814,5/27/2020 13:45,70.8821
815,5/26/2020 18:30,70.8251
816,5/26/2020 13:45,71.0389
817,5/25/2020 18:30,71.6389
818,5/25/2020 13:45,71.5358
819,5/22/2020 18:30,71.7365
820,5/22/2020 13:45,71.7286
821,5/21/2020 18:30,71.0198
822,5/21/2020 13:45,70.7932
823,5/20/2020 18:30,71.1791
824,5/20/2020 13:45,71.787
825,5/19/2020 18:30,72.5551
826,5/19/2020 13:45,72.3001
827,5/18/2020 18:30,72.7092
828,5/18/2020 13:45,72.9269
829,5/15/2020 18:30,73.7539
830,5/15/2020 13:45,73.606
831,5/14/2020 18:30,73.9853
832,5/14/2020 13:45,73.9073
833,5/13/2020 18:30,73.828
834,5/13/2020 13:45,73.3176
835,5/12/2020 18:30,73.0646
836,5/12/2020 13:45,73.3736
837,5/8/2020 18:30,73.1857
838,5/8/2020 13:45,73.6442
839,5/7/2020 18:30,73.8588
840,5/7/2020 13:45,73.9093
841,5/6/2020 18:30,74.5245
842,5/6/2020 13:45,74.3978
843,5/5/2020 18:30,73.7853
844,5/5/2020 13:45,74.0782
845,5/4/2020 18:30,75.3197
846,5/4/2020 13:45,75.2709
847,4/30/2020 18:30,73.8854
848,4/30/2020 13:45,73.3145
849,4/29/2020 18:30,73.2769
850,4/29/2020 13:45,73.6948
851,4/28/2020 18:30,74.2808
852,4/28/2020 13:45,73.8958
853,4/27/2020 18:30,74.6598
854,4/27/2020 13:45,74.2086
855,4/24/2020 18:30,74.5874
856,4/24/2020 13:45,74.4756
857,4/23/2020 18:30,74.2976
858,4/23/2020 13:45,75.1367
859,4/22/2020 18:30,76.0922
860,4/22/2020 13:45,76.5245
861,4/21/2020 18:30,77.2185
862,4/21/2020 13:45,76.5668
863,4/20/2020 18:30,74.6397
864,4/20/2020 13:45,74.4177
865,4/17/2020 18:30,74.1815
866,4/17/2020 13:45,74.1424
867,4/16/2020 18:30,74.2495
868,4/16/2020 13:45,74.1108
869,4/15/2020 18:30,75.1966
870,4/15/2020 13:45,74.2963
871,4/14/2020 18:30,73.1155
872,4/14/2020 13:45,73.4742
873,4/13/2020 18:30,73.5616
874,4/13/2020 13:45,73.4973
875,4/10/2020 18:30,73.8015
876,4/10/2020 13:45,73.8143
877,4/9/2020 18:30,73.4723
878,4/9/2020 13:45,73.8933
879,4/8/2020 18:30,75.4607
880,4/8/2020 13:45,75.6684
881,4/7/2020 18:30,75.4677
882,4/7/2020 13:45,75.4948
883,4/6/2020 18:30,76.3834
884,4/6/2020 13:45,76.3826
885,4/3/2020 18:30,77.2011
886,4/3/2020 13:45,76.9583
887,4/2/2020 18:30,78.0279
888,4/2/2020 13:45,78.365
889,4/1/2020 18:30,78.8924
890,4/1/2020 13:45,78.7577
891,3/31/2020 18:30,78.0275
892,3/31/2020 13:45,78.0255
893,3/30/2020 18:30,79.8508
894,3/30/2020 13:45,79.697
895,3/27/2020 18:30,79.0051
896,3/27/2020 13:45,78.0548
897,3/26/2020 18:30,77.3102
898,3/26/2020 13:45,78.0472
899,3/25/2020 18:30,78.5558
900,3/25/2020 13:45,78.1454
901,3/24/2020 18:30,78.6905
902,3/24/2020 13:45,78.6854
903,3/23/2020 18:30,80.0925
904,3/23/2020 13:45,80.6243
905,3/20/2020 18:30,79.3825
906,3/20/2020 13:45,79.0543
907,3/19/2020 18:30,79.5374
908,3/19/2020 13:45,80.2779
909,3/18/2020 18:30,79.953
910,3/18/2020 13:45,77.9088
911,3/17/2020 18:30,74.7171
912,3/17/2020 13:45,74.8178
913,3/16/2020 18:30,73.8118
914,3/16/2020 13:45,74.8921
915,3/13/2020 18:30,73.2683
916,3/13/2020 13:45,72.922
917,3/12/2020 18:30,74.7907
918,3/12/2020 13:45,74.7688
919,3/11/2020 18:30,72.3132
920,3/11/2020 13:45,71.568
921,3/10/2020 18:30,72.0189
922,3/10/2020 13:45,71.0773
923,3/6/2020 18:30,68.1573
924,3/6/2020 13:45,68.0181
925,3/5/2020 18:30,66.9053
926,3/5/2020 13:45,66.444
927,3/4/2020 18:30,65.953
928,3/4/2020 13:45,65.6245
929,3/3/2020 18:30,65.7296
930,3/3/2020 13:45,66.4733
931,3/2/2020 18:30,67.0195
932,3/2/2020 13:45,66.7472
933,2/28/2020 18:30,67.4543
934,2/28/2020 13:45,67.0533
935,2/27/2020 18:30,66.2837
936,2/27/2020 13:45,65.6632
937,2/26/2020 18:30,65.0555
938,2/26/2020 13:45,65.5621
939,2/25/2020 18:30,65.41
940,2/25/2020 13:45,65.524
941,2/21/2020 18:30,64.2447
942,2/21/2020 13:45,64.3306
943,2/20/2020 18:30,64.0012
944,2/20/2020 13:45,63.7728
945,2/19/2020 18:30,63.6222
946,2/19/2020 13:45,63.5946
947,2/18/2020 18:30,63.893
948,2/18/2020 13:45,63.7601
949,2/17/2020 18:30,63.4928
950,2/17/2020 13:45,63.341
951,2/14/2020 18:30,63.558
952,2/14/2020 13:45,63.5151
953,2/13/2020 18:30,63.4973
954,2/13/2020 13:45,63.6855
955,2/12/2020 18:30,63.1585
956,2/12/2020 13:45,63.214
957,2/11/2020 18:30,63.3303
958,2/11/2020 13:45,63.8535
959,2/10/2020 18:30,64.1187
960,2/10/2020 13:45,63.8335
961,2/7/2020 18:30,64.0614
962,2/7/2020 13:45,63.7912
963,2/6/2020 18:30,63.3479
964,2/6/2020 13:45,63.1114
965,2/5/2020 18:30,62.8304
966,2/5/2020 13:45,62.7432
967,2/4/2020 18:30,63.1315
968,2/4/2020 13:45,63.3195
969,2/3/2020 18:30,63.4973
970,2/3/2020 13:45,63.8952
971,1/31/2020 18:30,63.8001
972,1/31/2020 13:45,63.4856
973,1/30/2020 18:30,63.3338
974,1/30/2020 13:45,63.049
975,1/29/2020 18:30,62.7143
976,1/29/2020 13:45,62.5847
977,1/28/2020 18:30,62.373
978,1/28/2020 13:45,62.8242
979,1/27/2020 18:30,62.9685
980,1/27/2020 13:45,62.5148
981,1/24/2020 18:30,61.9397
982,1/24/2020 13:45,61.7783
983,1/23/2020 18:30,61.9723
984,1/23/2020 13:45,61.9621
985,1/22/2020 18:30,61.9885
986,1/22/2020 13:45,62.0337
987,1/21/2020 18:30,61.8733
988,1/21/2020 13:45,61.7898
989,1/20/2020 18:30,61.5996
990,1/20/2020 13:45,61.5774
991,1/17/2020 18:30,61.4629
992,1/17/2020 13:45,61.3596
993,1/16/2020 18:30,61.6343
994,1/16/2020 13:45,61.7127
995,1/15/2020 18:30,61.5703
996,1/15/2020 13:45,61.5953
997,1/14/2020 18:30,61.4411
998,1/14/2020 13:45,61.3447
999,1/13/2020 18:30,61.2517
1000,1/13/2020 13:45,61.1225
1001,1/10/2020 18:30,60.9481
1002,1/10/2020 13:45,61.3011
1003,1/9/2020 18:30,61.3315
1004,1/9/2020 13:45,61.2043
1005,1/8/2020 18:30,61.5846
1006,1/8/2020 13:45,61.9374
1007,1/6/2020 18:30,61.8477
1008,1/6/2020 13:45,62.0713
1009,1/3/2020 18:30,61.9562
1010,1/3/2020 13:45,62.0498
1011,12/30/2019 18:30,61.965
1012,12/30/2019 13:45,61.7955
1013,12/27/2019 18:30,62.03
1014,12/27/2019 13:45,61.9159
1015,12/26/2019 18:30,62.1934
1016,12/26/2019 13:45,61.7697
1017,12/25/2019 18:30,61.7894
1018,12/25/2019 13:45,61.631
1019,12/24/2019 18:30,62.0017
1020,12/24/2019 13:45,62.0271
1021,12/23/2019 18:30,62.2754
1022,12/23/2019 13:45,62.2904
1023,12/20/2019 18:30,62.2801
1024,12/20/2019 13:45,62.1516
1025,12/19/2019 18:30,62.3656
1026,12/19/2019 13:45,62.4799
1027,12/18/2019 18:30,62.4997
1028,12/18/2019 13:45,62.5864
1029,12/17/2019 18:30,62.4933
1030,12/17/2019 13:45,62.6458
1031,12/16/2019 18:30,62.4227
1032,12/16/2019 13:45,62.6765
1033,12/13/2019 18:30,62.7713
1034,12/13/2019 13:45,62.3159
1035,12/12/2019 18:30,62.728
1036,12/12/2019 13:45,63.1853
1037,12/11/2019 18:30,63.5751
1038,12/11/2019 13:45,63.5434
1039,12/10/2019 18:30,63.5325
1040,12/10/2019 13:45,63.6487
1041,12/9/2019 18:30,63.6707
1042,12/9/2019 13:45,63.7532
1043,12/6/2019 18:30,63.6631
1044,12/6/2019 13:45,63.7491
1045,12/5/2019 18:30,63.8632
1046,12/5/2019 13:45,63.8569
1047,12/4/2019 18:30,63.9199
1048,12/4/2019 13:45,64.0065
1049,12/3/2019 18:30,64.1984
1050,12/3/2019 13:45,64.1518
1051,12/2/2019 18:30,64.2086
1052,12/2/2019 13:45,64.2774
1053,11/29/2019 18:30,64.2629
1054,11/29/2019 13:45,64.1739
1055,11/28/2019 18:30,64.0804
1056,11/28/2019 13:45,64.1088
1057,11/27/2019 18:30,64.0385
1058,11/27/2019 13:45,63.982
1059,11/26/2019 18:30,64.0505
1060,11/26/2019 13:45,64.0335
1061,11/25/2019 18:30,63.9591
1062,11/25/2019 13:45,63.8942
1063,11/22/2019 18:30,63.791
1064,11/22/2019 13:45,63.6883
1065,11/21/2019 18:30,63.785
1066,11/21/2019 13:45,63.7582
1067,11/20/2019 18:30,63.9139
1068,11/20/2019 13:45,63.974
1069,11/19/2019 18:30,63.84
1070,11/19/2019 13:45,63.7197
1071,11/18/2019 18:30,63.811
1072,11/18/2019 13:45,63.8768
1073,11/15/2019 18:30,63.8006
1074,11/15/2019 13:45,63.8839
1075,11/14/2019 18:30,64.0401
1076,11/14/2019 13:45,64.0483
1077,11/13/2019 18:30,64.3597
1078,11/13/2019 13:45,64.3755
1079,11/12/2019 18:30,64.1098
1080,11/12/2019 13:45,64.0118
1081,11/11/2019 18:30,63.862
1082,11/11/2019 13:45,63.9204
1083,11/8/2019 18:30,63.8495
1084,11/8/2019 13:45,63.8607
1085,11/7/2019 18:30,63.708
1086,11/7/2019 13:45,63.7561
1087,11/6/2019 18:30,63.778
1088,11/6/2019 13:45,63.739
1089,11/5/2019 18:30,63.6186
1090,11/5/2019 13:45,63.3294
1091,11/1/2019 18:30,63.452
1092,11/1/2019 13:45,64.0445
1093,10/31/2019 18:30,64.0619
1094,10/31/2019 13:45,64.0005
1095,10/30/2019 18:30,64.0306
1096,10/30/2019 13:45,63.7966
1097,10/29/2019 18:30,63.883
1098,10/29/2019 13:45,64.0012
1099,10/28/2019 18:30,63.7788
1100,10/28/2019 13:45,63.6532
1101,10/25/2019 18:30,63.7069
1102,10/25/2019 13:45,63.938
1103,10/24/2019 18:30,64.1141
1104,10/24/2019 13:45,63.8997
1105,10/23/2019 18:30,63.8859
1106,10/23/2019 13:45,63.9101
1107,10/22/2019 18:30,63.6193
1108,10/22/2019 13:45,63.6904
1109,10/21/2019 18:30,63.7467
1110,10/21/2019 13:45,63.7358
1111,10/18/2019 18:30,64.0395
1112,10/18/2019 13:45,63.9665
1113,10/17/2019 18:30,63.9734
1114,10/17/2019 13:45,63.9791
1115,10/16/2019 18:30,64.1643
1116,10/16/2019 13:45,64.3226
1117,10/15/2019 18:30,64.2804
1118,10/15/2019 13:45,64.4325
1119,10/14/2019 18:30,64.3393
1120,10/14/2019 13:45,64.2446
1121,10/11/2019 18:30,64.0275
1122,10/11/2019 13:45,64.1766
1123,10/10/2019 18:30,64.5263
1124,10/10/2019 13:45,64.7479
1125,10/9/2019 18:30,64.869
1126,10/9/2019 13:45,64.9364
1127,10/8/2019 18:30,65.2831
1128,10/8/2019 13:45,65.0713
1129,10/7/2019 18:30,64.8408
1130,10/7/2019 13:45,64.9717
1131,10/4/2019 18:30,64.6365
1132,10/4/2019 13:45,64.8238
1133,10/3/2019 18:30,65.2055
1134,10/3/2019 13:45,65.0815
1135,10/2/2019 18:30,65.2349
1136,10/2/2019 13:45,65.371
1137,10/1/2019 18:30,65.339
1138,10/1/2019 13:45,65.0689
1139,9/30/2019 18:30,64.8854
1140,9/30/2019 13:45,64.825
1141,9/27/2019 18:30,64.3631
1142,9/27/2019 13:45,64.4128
1143,9/26/2019 18:30,64.2791
1144,9/26/2019 13:45,64.2439
1145,9/25/2019 18:30,64.2295
1146,9/25/2019 13:45,64.3051
1147,9/24/2019 18:30,63.8542
1148,9/24/2019 13:45,63.6889
1149,9/23/2019 18:30,63.8594
1150,9/23/2019 13:45,63.9598
1151,9/20/2019 18:30,63.9373
1152,9/20/2019 13:45,63.7662
1153,9/19/2019 18:30,63.8455
1154,9/19/2019 13:45,64.087
1155,9/18/2019 18:30,64.1557
1156,9/18/2019 13:45,64.3968
1157,9/17/2019 18:30,64.3621
1158,9/17/2019 13:45,64.1938
1159,9/16/2019 18:30,63.9241
1160,9/16/2019 13:45,64.0233
1161,9/13/2019 18:30,64.2617
1162,9/13/2019 13:45,64.2429
1163,9/12/2019 18:30,64.8198
1164,9/12/2019 13:45,65.0419
1165,9/11/2019 18:30,65.4355
1166,9/11/2019 13:45,65.3982
1167,9/10/2019 18:30,65.4091
1168,9/10/2019 13:45,65.4542
1169,9/9/2019 18:30,65.4963
1170,9/9/2019 13:45,65.4302
1171,9/6/2019 18:30,65.6976
1172,9/6/2019 13:45,65.8969
1173,9/5/2019 18:30,66.1033
1174,9/5/2019 13:45,65.999
1175,9/4/2019 18:30,66.1588
1176,9/4/2019 13:45,66.4172
1177,9/3/2019 18:30,67.0496
1178,9/3/2019 13:45,66.9964
1179,9/2/2019 18:30,66.7455
1180,9/2/2019 13:45,66.6863
1181,8/30/2019 18:30,66.7476
1182,8/30/2019 13:45,66.3842
1183,8/29/2019 18:30,66.5682
1184,8/29/2019 13:45,66.7153
1185,8/28/2019 18:30,66.5596
1186,8/28/2019 13:45,66.8224
1187,8/27/2019 18:30,66.5507
1188,8/27/2019 13:45,66.3866
1189,8/26/2019 18:30,65.9923
1190,8/26/2019 13:45,66.111
1191,8/23/2019 18:30,65.9273
1192,8/23/2019 13:45,65.6733
1193,8/22/2019 18:30,65.7151
1194,8/22/2019 13:45,65.6483
1195,8/21/2019 18:30,65.8548
1196,8/21/2019 13:45,65.9682
1197,8/20/2019 18:30,66.6377
1198,8/20/2019 13:45,66.7691
1199,8/19/2019 18:30,66.8166
1200,8/19/2019 13:45,66.8205
1201,8/16/2019 18:30,66.4221
1202,8/16/2019 13:45,66.0644
1203,8/15/2019 18:30,66.188
1204,8/15/2019 13:45,66.4912
1205,8/14/2019 18:30,65.9425
1206,8/14/2019 13:45,65.2931
1207,8/13/2019 18:30,65.1412
1208,8/13/2019 13:45,65.4463
1209,8/12/2019 18:30,65.5858
1210,8/12/2019 13:45,65.633
1211,8/9/2019 18:30,65.4397
1212,8/9/2019 13:45,65.4822
1213,8/8/2019 18:30,65.1485
1214,8/8/2019 13:45,65.2891
1215,8/7/2019 18:30,65.5818
1216,8/7/2019 13:45,65.0183
1217,8/6/2019 18:30,65.2606
1218,8/6/2019 13:45,65.1616
1219,8/5/2019 18:30,65.0907
1220,8/5/2019 13:45,65.0063
1221,8/2/2019 18:30,65.3246
1222,8/2/2019 13:45,64.9076
1223,8/1/2019 18:30,63.8899
1224,8/1/2019 13:45,63.7859
1225,7/31/2019 18:30,63.4542
1226,7/31/2019 13:45,63.4558
1227,7/30/2019 18:30,63.589
1228,7/30/2019 13:45,63.3747
1229,7/29/2019 18:30,63.5074
1230,7/29/2019 13:45,63.5189
1231,7/26/2019 18:30,63.4572
1232,7/26/2019 13:45,63.1129
1233,7/25/2019 18:30,63.157
1234,7/25/2019 13:45,63.0748
1235,7/24/2019 18:30,63.091
1236,7/24/2019 13:45,63.0839
1237,7/23/2019 18:30,63.2648
1238,7/23/2019 13:45,63.2
1239,7/22/2019 18:30,63.0295
1240,7/22/2019 13:45,62.9707
1241,7/19/2019 18:30,62.9951
1242,7/19/2019 13:45,63.0187
1243,7/18/2019 18:30,63.1255
1244,7/18/2019 13:45,62.9493
1245,7/17/2019 18:30,62.8568
1246,7/17/2019 13:45,62.8229
1247,7/16/2019 18:30,62.8281
1248,7/16/2019 13:45,62.785
1249,7/15/2019 18:30,62.6746
1250,7/15/2019 13:45,62.6163
1251,7/12/2019 18:30,63.089
1252,7/12/2019 13:45,63.071
1253,7/11/2019 18:30,62.8642
1254,7/11/2019 13:45,62.9916
1255,7/10/2019 18:30,63.2317
1256,7/10/2019 13:45,63.6853
1257,7/9/2019 18:30,63.7781
1258,7/9/2019 13:45,63.7672
1259,7/8/2019 18:30,63.5447
1260,7/8/2019 13:45,63.8561
1261,7/5/2019 18:30,63.7679
1262,7/5/2019 13:45,63.4895
1263,7/4/2019 18:30,63.4591
1264,7/4/2019 13:45,63.4497
1265,7/3/2019 18:30,63.5147
1266,7/3/2019 13:45,63.5316
1267,7/2/2019 18:30,63.2989
1268,7/2/2019 13:45,63.2736
1269,7/1/2019 18:30,62.9207
1270,7/1/2019 13:45,63.1395
1271,6/28/2019 18:30,63.0412
1272,6/28/2019 13:45,63.0715
1273,6/27/2019 18:30,63.1029
1274,6/27/2019 13:45,63.035
1275,6/26/2019 18:30,63.0348
1276,6/26/2019 13:45,63.2117
1277,6/25/2019 18:30,62.8314
1278,6/25/2019 13:45,62.6988
1279,6/24/2019 18:30,62.7931
1280,6/24/2019 13:45,62.9025
1281,6/21/2019 18:30,63.2841
1282,6/21/2019 13:45,63.0289
1283,6/20/2019 18:30,63.0062
1284,6/20/2019 13:45,63.3059
1285,6/19/2019 18:30,63.8608
1286,6/19/2019 13:45,64.0241
1287,6/18/2019 18:30,64.0298
1288,6/18/2019 13:45,64.3012
1289,6/17/2019 18:30,64.2018
1290,6/17/2019 13:45,64.3148
1291,6/14/2019 18:30,64.3327
1292,6/14/2019 13:45,64.3172
1293,6/13/2019 18:30,64.5701
1294,6/13/2019 13:45,64.6009
1295,6/11/2019 18:30,64.5395
1296,6/11/2019 13:45,64.5248
1297,6/10/2019 18:30,64.7311
1298,6/10/2019 13:45,64.7325
1299,6/7/2019 18:30,64.8831
1300,6/7/2019 13:45,65.0439
1301,6/6/2019 18:30,65.1465
1302,6/6/2019 13:45,65.1771
1303,6/5/2019 18:30,65.272
1304,6/5/2019 13:45,65.0761
1305,6/4/2019 18:30,65.216
1306,6/4/2019 13:45,65.2417
1307,6/3/2019 18:30,65.3879
1308,6/3/2019 13:45,65.375
1309,5/31/2019 18:30,65.1743
1310,5/31/2019 13:45,65.549
1311,5/30/2019 18:30,65.1213
1312,5/30/2019 13:45,64.9565
1313,5/29/2019 18:30,65.192
1314,5/29/2019 13:45,65.13
1315,5/28/2019 18:30,64.6504
1316,5/28/2019 13:45,64.628
1317,5/27/2019 18:30,64.3841
1318,5/27/2019 13:45,64.4417
1319,5/24/2019 18:30,64.5364
1320,5/24/2019 13:45,64.5989
1321,5/23/2019 18:30,64.7069
1322,5/23/2019 13:45,64.7078
1323,5/22/2019 18:30,64.3238
1324,5/22/2019 13:45,64.186
1325,5/21/2019 18:30,64.3817
1326,5/21/2019 13:45,64.5108
1327,5/20/2019 18:30,64.5134
1328,5/20/2019 13:45,64.5425
1329,5/17/2019 18:30,64.713
1330,5/17/2019 13:45,64.6298
1331,5/16/2019 18:30,64.4342
1332,5/16/2019 13:45,64.4995
1333,5/15/2019 18:30,64.5122
1334,5/15/2019 13:45,64.7934
1335,5/14/2019 18:30,65.0166
1336,5/14/2019 13:45,65.2907
1337,5/13/2019 18:30,65.4243
1338,5/13/2019 13:45,65.3232
1339,5/10/2019 18:30,65.3093
1340,5/10/2019 13:45,65.1768
1341,5/8/2019 18:30,64.9509
1342,5/8/2019 13:45,65.2864
1343,5/7/2019 18:30,65.2121
1344,5/7/2019 13:45,65.1703
1345,5/6/2019 18:30,65.2504
1346,5/6/2019 13:45,65.1006
1347,5/3/2019 18:30,65.1295
1348,5/3/2019 13:45,65.3538
1349,5/2/2019 18:30,65.5087
1350,5/2/2019 13:45,65.2685
1351,4/30/2019 18:30,64.5827
1352,4/30/2019 13:45,64.429
1353,4/29/2019 18:30,64.5038
1354,4/29/2019 13:45,64.6687
1355,4/26/2019 18:30,64.751
1356,4/26/2019 13:45,64.796
1357,4/25/2019 18:30,64.7214
1358,4/25/2019 13:45,64.8477
1359,4/24/2019 18:30,64.2665
1360,4/24/2019 13:45,64.0484
1361,4/23/2019 18:30,63.7792
1362,4/23/2019 13:45,63.7078
1363,4/22/2019 18:30,63.8417
1364,4/22/2019 13:45,63.8026
1365,4/19/2019 18:30,64.0413
1366,4/19/2019 13:45,63.941
1367,4/18/2019 18:30,63.9538
1368,4/18/2019 13:45,64.035
1369,4/17/2019 18:30,63.9368
1370,4/17/2019 13:45,63.9053
1371,4/16/2019 18:30,64.2532
1372,4/16/2019 13:45,64.3617
1373,4/15/2019 18:30,64.2898
1374,4/15/2019 13:45,64.2591
1375,4/12/2019 18:30,64.2985
1376,4/12/2019 13:45,64.2892
1377,4/11/2019 18:30,64.4972
1378,4/11/2019 13:45,64.3986
1379,4/10/2019 18:30,64.3364
1380,4/10/2019 13:45,64.68
1381,4/9/2019 18:30,64.9255
1382,4/9/2019 13:45,64.7098
1383,4/8/2019 18:30,65.1102
1384,4/8/2019 13:45,65.2716
1385,4/5/2019 18:30,65.2549
1386,4/5/2019 13:45,65.3757
1387,4/4/2019 18:30,65.4356
1388,4/4/2019 13:45,65.3781
1389,4/3/2019 18:30,65.191
1390,4/3/2019 13:45,65.2287
1391,4/2/2019 18:30,65.4374
1392,4/2/2019 13:45,65.4533
1393,4/1/2019 18:30,65.3678
1394,4/1/2019 13:45,65.5598
1395,3/29/2019 18:30,65.4927
1396,3/29/2019 13:45,64.6269
1397,3/28/2019 18:30,65.1145
1398,3/28/2019 13:45,64.917
1399,3/27/2019 18:30,64.8686
1400,3/27/2019 13:45,64.8004
1401,3/26/2019 18:30,64.3248
1402,3/26/2019 13:45,64.2569
1403,3/25/2019 18:30,63.9971
1404,3/25/2019 13:45,64.2932
1405,3/22/2019 18:30,64.7353
1406,3/22/2019 13:45,64.192
1407,3/21/2019 18:30,63.7867
1408,3/21/2019 13:45,63.7748
1409,3/20/2019 18:30,64.3035
1410,3/20/2019 13:45,64.3301
1411,3/19/2019 18:30,64.3951
1412,3/19/2019 13:45,64.3123
1413,3/18/2019 18:30,64.4399
1414,3/18/2019 13:45,64.5007
1415,3/15/2019 18:30,65.1785
1416,3/15/2019 13:45,65.2976
1417,3/14/2019 18:30,65.5676
1418,3/14/2019 13:45,65.4408
1419,3/13/2019 18:30,65.4255
1420,3/13/2019 13:45,65.51
1421,3/12/2019 18:30,65.6818
1422,3/12/2019 13:45,65.782
1423,3/11/2019 18:30,66.0192
1424,3/11/2019 13:45,66.0593
1425,3/7/2019 18:30,66.1393
1426,3/7/2019 13:45,65.9644
1427,3/6/2019 18:30,66.0009
1428,3/6/2019 13:45,65.8636
1429,3/5/2019 18:30,65.8353
1430,3/5/2019 13:45,65.8034
1431,3/4/2019 18:30,65.6999
1432,3/4/2019 13:45,65.7833
1433,3/1/2019 18:30,65.7367
1434,3/1/2019 13:45,65.8288
1435,2/28/2019 18:30,65.9067
1436,2/28/2019 13:45,65.7973
1437,2/27/2019 18:30,65.9524
1438,2/27/2019 13:45,65.7985
1439,2/26/2019 18:30,65.8686
1440,2/26/2019 13:45,65.6183
1441,2/25/2019 18:30,65.378
1442,2/25/2019 13:45,65.1748
1443,2/22/2019 18:30,65.4745
1444,2/22/2019 13:45,65.6048
1445,2/21/2019 18:30,65.4492
1446,2/21/2019 13:45,65.5139
1447,2/20/2019 18:30,65.5667
1448,2/20/2019 13:45,65.7275
1449,2/19/2019 18:30,66.0707
1450,2/19/2019 13:45,66.1977
1451,2/18/2019 18:30,66.1745
1452,2/18/2019 13:45,66.1792
1453,2/15/2019 18:30,66.672
1454,2/15/2019 13:45,66.6978
1455,2/14/2019 18:30,67.0624
1456,2/14/2019 13:45,66.7493
1457,2/13/2019 18:30,65.7297
1458,2/13/2019 13:45,65.7539
1459,2/12/2019 18:30,65.6873
1460,2/12/2019 13:45,65.5892
1461,2/11/2019 18:30,65.7362
1462,2/11/2019 13:45,65.7155
1463,2/8/2019 18:30,65.7492
1464,2/8/2019 13:45,66.0228
1465,2/7/2019 18:30,65.8714
1466,2/7/2019 13:45,66.0693
1467,2/6/2019 18:30,65.8368
1468,2/6/2019 13:45,65.7568
1469,2/5/2019 18:30,65.6113
1470,2/5/2019 13:45,65.4958
1471,2/4/2019 18:30,65.6765
1472,2/4/2019 13:45,65.558
1473,2/1/2019 18:30,65.6147
1474,2/1/2019 13:45,65.4652
1475,1/31/2019 18:30,65.3879
1476,1/31/2019 13:45,65.2827
1477,1/30/2019 18:30,66.0758
1478,1/30/2019 13:45,65.9863
1479,1/29/2019 18:30,66.0531
1480,1/29/2019 13:45,66.2644
1481,1/28/2019 18:30,66.1591
1482,1/28/2019 13:45,65.9911
1483,1/25/2019 18:30,66.0398
1484,1/25/2019 13:45,66.1022
1485,1/24/2019 18:30,65.7657
1486,1/24/2019 13:45,65.8363
1487,1/23/2019 18:30,66.2217
1488,1/23/2019 13:45,66.2004
1489,1/22/2019 18:30,66.4933
1490,1/22/2019 13:45,66.5301
1491,1/21/2019 18:30,66.3843
1492,1/21/2019 13:45,66.3988
1493,1/18/2019 18:30,66.2416
1494,1/18/2019 13:45,66.3915
1495,1/17/2019 18:30,66.5886
1496,1/17/2019 13:45,66.538
1497,1/16/2019 18:30,66.4782
1498,1/16/2019 13:45,66.7347
1499,1/15/2019 18:30,67.0023
1500,1/15/2019 13:45,67.1384
1501,1/14/2019 18:30,67.0483
1502,1/14/2019 13:45,67.2482
1503,1/11/2019 18:30,67.0923
1504,1/11/2019 13:45,66.9239
1505,1/10/2019 18:30,67.1696
1506,1/10/2019 13:45,67.0161
1507,1/9/2019 18:30,66.9057
1508,1/9/2019 13:45,67.0542
1509,1/8/2019 18:30,66.9909
1510,1/8/2019 13:45,67.0482
1511,1/4/2019 18:30,67.8181
1512,1/4/2019 13:45,68.1335
1513,1/3/2019 18:30,68.862
1514,1/3/2019 13:45,69.1464
1515,12/29/2018 18:30,69.9323
1516,12/29/2018 13:45,69.636
1517,12/28/2018 18:30,69.619
1518,12/28/2018 13:45,69.3686
1519,12/27/2018 18:30,69.4292
1520,12/27/2018 13:45,69.297
1521,12/26/2018 18:30,69.0547
1522,12/26/2018 13:45,69.2738
1523,12/25/2018 18:30,68.7868
1524,12/25/2018 13:45,68.7956
1525,12/24/2018 18:30,68.2823
1526,12/24/2018 13:45,68.4272
1527,12/21/2018 18:30,68.5663
1528,12/21/2018 13:45,68.3727
1529,12/20/2018 18:30,67.9983
1530,12/20/2018 13:45,67.3524
1531,12/19/2018 18:30,67.5934
1532,12/19/2018 13:45,67.2082
1533,12/18/2018 18:30,66.8698
1534,12/18/2018 13:45,66.82
1535,12/17/2018 18:30,66.7351
1536,12/17/2018 13:45,66.5146
1537,12/14/2018 18:30,66.7662
1538,12/14/2018 13:45,66.3518
1539,12/13/2018 18:30,66.3238
1540,12/13/2018 13:45,66.3737
1541,12/12/2018 18:30,66.3002
1542,12/12/2018 13:45,66.4345
1543,12/11/2018 18:30,66.4211
1544,12/11/2018 13:45,66.4093
1545,12/10/2018 18:30,66.4573
1546,12/10/2018 13:45,66.4527
1547,12/7/2018 18:30,66.1794
1548,12/7/2018 13:45,66.9482
1549,12/6/2018 18:30,66.9527
1550,12/6/2018 13:45,67.1015
1551,12/5/2018 18:30,66.8423
1552,12/5/2018 13:45,66.7441
1553,12/4/2018 18:30,66.6046
1554,12/4/2018 13:45,66.3351
1555,12/3/2018 18:30,66.5908
1556,12/3/2018 13:45,66.5565
1557,11/30/2018 18:30,66.9102
1558,11/30/2018 13:45,66.8579
1559,11/29/2018 18:30,66.2437
1560,11/29/2018 13:45,66.6451
1561,11/28/2018 18:30,67.3923
1562,11/28/2018 13:45,67.3836
1563,11/27/2018 18:30,67.0635
1564,11/27/2018 13:45,66.629
1565,11/26/2018 18:30,67.0365
1566,11/26/2018 13:45,66.719
1567,11/23/2018 18:30,66.3194
1568,11/23/2018 13:45,65.7643
1569,11/22/2018 18:30,65.5543
1570,11/22/2018 13:45,65.4773
1571,11/21/2018 18:30,65.7946
1572,11/21/2018 13:45,65.97
1573,11/20/2018 18:30,66.0755
1574,11/20/2018 13:45,65.6877
1575,11/19/2018 18:30,65.9418
1576,11/19/2018 13:45,65.888
1577,11/16/2018 18:30,65.8353
1578,11/16/2018 13:45,66.0156
1579,11/15/2018 18:30,66.3216
1580,11/15/2018 13:45,66.7252
1581,11/14/2018 18:30,67.0661
1582,11/14/2018 13:45,67.7979
1583,11/13/2018 18:30,67.8774
1584,11/13/2018 13:45,67.8016
1585,11/12/2018 18:30,67.6833
1586,11/12/2018 13:45,67.708
1587,11/9/2018 18:30,67.5095
1588,11/9/2018 13:45,67.1548
1589,11/8/2018 18:30,66.4514
1590,11/8/2018 13:45,66.3984
1591,11/7/2018 18:30,66.148
1592,11/7/2018 13:45,65.9324
1593,11/6/2018 18:30,65.9257
1594,11/6/2018 13:45,65.9474
1595,11/2/2018 18:30,65.9793
1596,11/2/2018 13:45,65.6638
1597,11/1/2018 18:30,65.6617
1598,11/1/2018 13:45,65.6285
1599,10/31/2018 18:30,65.8005
1600,10/31/2018 13:45,65.7705
1601,10/30/2018 18:30,65.6279
1602,10/30/2018 13:45,65.6578
1603,10/29/2018 18:30,65.594
1604,10/29/2018 13:45,65.5782
1605,10/26/2018 18:30,65.8096
1606,10/26/2018 13:45,65.7986
1607,10/25/2018 18:30,65.5432
1608,10/25/2018 13:45,65.7554
1609,10/24/2018 18:30,65.5393
1610,10/24/2018 13:45,65.5716
1611,10/23/2018 18:30,65.5834
1612,10/23/2018 13:45,65.3391
1613,10/22/2018 18:30,65.0626
1614,10/22/2018 13:45,65.2365
1615,10/19/2018 18:30,65.6032
1616,10/19/2018 13:45,65.63
1617,10/18/2018 18:30,65.7137
1618,10/18/2018 13:45,65.5476
1619,10/17/2018 18:30,65.3577
1620,10/17/2018 13:45,65.5259
1621,10/16/2018 18:30,65.2837
1622,10/16/2018 13:45,65.4859
1623,10/15/2018 18:30,65.5539
1624,10/15/2018 13:45,65.622
1625,10/12/2018 18:30,66.2075
1626,10/12/2018 13:45,65.9601
1627,10/11/2018 18:30,66.391
1628,10/11/2018 13:45,66.5807
1629,10/10/2018 18:30,66.5724
1630,10/10/2018 13:45,66.0878
1631,10/9/2018 18:30,66.4937
1632,10/9/2018 13:45,66.6526
1633,10/8/2018 18:30,66.6363
1634,10/8/2018 13:45,66.9532
1635,10/5/2018 18:30,66.5708
1636,10/5/2018 13:45,66.7306
1637,10/4/2018 18:30,66.8717
1638,10/4/2018 13:45,66.3028
1639,10/3/2018 18:30,65.6945
1640,10/3/2018 13:45,65.5783
1641,10/2/2018 18:30,65.3113
1642,10/2/2018 13:45,65.5343
1643,10/1/2018 18:30,65.3427
1644,10/1/2018 13:45,65.6149
1645,9/28/2018 18:30,65.4704
1646,9/28/2018 13:45,65.7979
1647,9/27/2018 18:30,65.7351
1648,9/27/2018 13:45,65.7152
1649,9/26/2018 18:30,65.9768
1650,9/26/2018 13:45,65.8275
1651,9/25/2018 18:30,65.8093
1652,9/25/2018 13:45,65.6882
1653,9/24/2018 18:30,65.8551
1654,9/24/2018 13:45,65.914
1655,9/21/2018 18:30,66.5586
1656,9/21/2018 13:45,66.5418
1657,9/20/2018 18:30,66.4491
1658,9/20/2018 13:45,66.2596
1659,9/19/2018 18:30,66.8079
1660,9/19/2018 13:45,67.0104
1661,9/18/2018 18:30,67.4613
1662,9/18/2018 13:45,67.7311
1663,9/17/2018 18:30,68.003
1664,9/17/2018 13:45,68.1765
1665,9/14/2018 18:30,67.897
1666,9/14/2018 13:45,67.5988
1667,9/13/2018 18:30,68.5302
1668,9/13/2018 13:45,68.5024
1669,9/12/2018 18:30,68.7457
1670,9/12/2018 13:45,69.4473
1671,9/11/2018 18:30,69.6245
1672,9/11/2018 13:45,70.1912
1673,9/10/2018 18:30,70.3812
1674,9/10/2018 13:45,70.3719
1675,9/7/2018 18:30,69.5088
1676,9/7/2018 13:45,69.1688
1677,9/6/2018 18:30,69.4818
1678,9/6/2018 13:45,68.3696
1679,9/5/2018 18:30,68.4212
1680,9/5/2018 13:45,68.3273
1681,9/4/2018 18:30,68.0925
1682,9/4/2018 13:45,68.2835
1683,9/3/2018 18:30,68.0772
1684,9/3/2018 13:45,68.0144
1685,8/31/2018 18:30,67.6178
1686,8/31/2018 13:45,67.9978
1687,8/30/2018 18:30,68.2615
1688,8/30/2018 13:45,68.0844
1689,8/29/2018 18:30,68.302
1690,8/29/2018 13:45,68.011
1691,8/28/2018 18:30,67.6818
1692,8/28/2018 13:45,67.4589
1693,8/27/2018 18:30,67.1607
1694,8/27/2018 13:45,67.4108
1695,8/24/2018 18:30,67.4921
1696,8/24/2018 13:45,67.7622
1697,8/23/2018 18:30,68.1128
1698,8/23/2018 13:45,68.2923
1699,8/22/2018 18:30,67.9127
1700,8/22/2018 13:45,67.8335
1701,8/21/2018 18:30,67.3882
1702,8/21/2018 13:45,67.3606
1703,8/20/2018 18:30,67.1838
1704,8/20/2018 13:45,67.1723
1705,8/17/2018 18:30,67.472
1706,8/17/2018 13:45,67.3046
1707,8/16/2018 18:30,66.7374
1708,8/16/2018 13:45,66.9202
1709,8/15/2018 18:30,67.6429
1710,8/15/2018 13:45,66.9814
1711,8/14/2018 18:30,66.5625
1712,8/14/2018 13:45,66.7315
1713,8/13/2018 18:30,67.8235
1714,8/13/2018 13:45,67.9732
1715,8/10/2018 18:30,67.5838
1716,8/10/2018 13:45,66.8314
1717,8/9/2018 18:30,66.2665
1718,8/9/2018 13:45,66.011
1719,8/8/2018 18:30,64.7031
1720,8/8/2018 13:45,64.6341
1721,8/7/2018 18:30,63.4415
1722,8/7/2018 13:45,63.5529
1723,8/6/2018 18:30,63.6225
1724,8/6/2018 13:45,63.6615
1725,8/3/2018 18:30,63.2278
1726,8/3/2018 13:45,63.4366
1727,8/2/2018 18:30,63.3743
1728,8/2/2018 13:45,63.289
1729,8/1/2018 18:30,62.8696
1730,8/1/2018 13:45,62.6763
1731,7/31/2018 18:30,62.3909
1732,7/31/2018 13:45,62.41
1733,7/30/2018 18:30,62.2964
1734,7/30/2018 13:45,62.701
1735,7/27/2018 18:30,62.7372
1736,7/27/2018 13:45,62.9775
1737,7/26/2018 18:30,62.877
1738,7/26/2018 13:45,62.9965
1739,7/25/2018 18:30,63.033
1740,7/25/2018 13:45,62.9293
1741,7/24/2018 18:30,62.7415
1742,7/24/2018 13:45,62.7588
1743,7/23/2018 18:30,63.0835
1744,7/23/2018 13:45,63.015
1745,7/20/2018 18:30,63.4829
1746,7/20/2018 13:45,63.5207
1747,7/19/2018 18:30,63.6215
1748,7/19/2018 13:45,63.5572
1749,7/18/2018 18:30,63.211
1750,7/18/2018 13:45,63.0555
1751,7/17/2018 18:30,62.4236
1752,7/17/2018 13:45,62.5584
1753,7/16/2018 18:30,62.2755
1754,7/16/2018 13:45,62.2462
1755,7/13/2018 18:30,62.0904
1756,7/13/2018 13:45,62.2963
1757,7/12/2018 18:30,62.1718
1758,7/12/2018 13:45,62.1061
1759,7/11/2018 18:30,62.0757
1760,7/11/2018 13:45,62.098
1761,7/10/2018 18:30,62.021
1762,7/10/2018 13:45,62.5486
1763,7/9/2018 18:30,62.6302
1764,7/9/2018 13:45,62.773
1765,7/6/2018 18:30,62.963
1766,7/6/2018 13:45,63.2239
1767,7/5/2018 18:30,63.0619
1768,7/5/2018 13:45,63.2208
1769,7/4/2018 18:30,63.2845
1770,7/4/2018 13:45,63.2663
1771,7/3/2018 18:30,63.251
1772,7/3/2018 13:45,63.2015
1773,7/2/2018 18:30,63.4491
1774,7/2/2018 13:45,63.1784
1775,6/29/2018 18:30,62.7059
1776,6/29/2018 13:45,62.8356
1777,6/28/2018 18:30,62.991
1778,6/28/2018 13:45,63.046
1779,6/27/2018 18:30,63.0749
1780,6/27/2018 13:45,63.3083
1781,6/26/2018 18:30,63.1384
1782,6/26/2018 13:45,62.9972
1783,6/25/2018 18:30,62.9049
1784,6/25/2018 13:45,62.9394
1785,6/22/2018 18:30,63.0269
1786,6/22/2018 13:45,63.0857
1787,6/21/2018 18:30,63.7401
1788,6/21/2018 13:45,63.8373
1789,6/20/2018 18:30,63.4912
1790,6/20/2018 13:45,63.6041
1791,6/19/2018 18:30,63.7541
1792,6/19/2018 13:45,64.072
1793,6/18/2018 18:30,63.5418
1794,6/18/2018 13:45,63.3694
1795,6/15/2018 18:30,63.1959
1796,6/15/2018 13:45,62.7672
1797,6/14/2018 18:30,62.1437
1798,6/14/2018 13:45,62.2275
1799,6/13/2018 18:30,62.3989
1800,6/13/2018 13:45,62.7922
1801,6/11/2018 18:30,62.63
1802,6/11/2018 13:45,62.6289
1803,6/9/2018 18:30,62.57
1804,6/9/2018 13:45,62.4148
1805,6/8/2018 18:30,62.4758
1806,6/8/2018 13:45,62.837
1807,6/7/2018 18:30,62.1591
1808,6/7/2018 13:45,61.9382
1809,6/6/2018 18:30,61.967
1810,6/6/2018 13:45,61.9673
1811,6/5/2018 18:30,62.2614
1812,6/5/2018 13:45,62.1301
1813,6/4/2018 18:30,62.0119
1814,6/4/2018 13:45,61.9503
1815,6/1/2018 18:30,62.1583
1816,6/1/2018 13:45,62.213
1817,5/31/2018 18:30,62.3704
1818,5/31/2018 13:45,62.097
1819,5/30/2018 18:30,62.2628
1820,5/30/2018 13:45,62.4885
1821,5/29/2018 18:30,62.5559
1822,5/29/2018 13:45,62.6804
1823,5/28/2018 18:30,62.3769
1824,5/28/2018 13:45,62.3558
1825,5/25/2018 18:30,62.1484
1826,5/25/2018 13:45,61.8957
1827,5/24/2018 18:30,61.5342
1828,5/24/2018 13:45,61.3498
1829,5/23/2018 18:30,61.61
1830,5/23/2018 13:45,61.6648
1831,5/22/2018 18:30,61.082
1832,5/22/2018 13:45,61.377
1833,5/21/2018 18:30,61.8083
1834,5/21/2018 13:45,62.1581
1835,5/18/2018 18:30,62.4503
1836,5/18/2018 13:45,62.1086
1837,5/17/2018 18:30,61.8968
1838,5/17/2018 13:45,62.0305
1839,5/16/2018 18:30,62.0133
1840,5/16/2018 13:45,62.4628
1841,5/15/2018 18:30,62.551
1842,5/15/2018 13:45,61.9467
1843,5/14/2018 18:30,61.775
1844,5/14/2018 13:45,61.7778
1845,5/11/2018 18:30,61.802
1846,5/11/2018 13:45,61.6114
1847,5/10/2018 18:30,61.8242
1848,5/10/2018 13:45,62.2313
1849,5/8/2018 18:30,63.5746
1850,5/8/2018 13:45,63.2985
1851,5/7/2018 18:30,62.7147
1852,5/7/2018 13:45,62.8953
1853,5/4/2018 18:30,62.9115
1854,5/4/2018 13:45,63.2175
1855,5/3/2018 18:30,63.5524
1856,5/3/2018 13:45,63.4179
1857,5/2/2018 18:30,63.8762
1858,5/2/2018 13:45,63.7393
1859,4/30/2018 18:30,62.9373
1860,4/30/2018 13:45,62.8528
1861,4/28/2018 18:30,62.1538
1862,4/28/2018 13:45,62.0855
1863,4/27/2018 18:30,62.1553
1864,4/27/2018 13:45,62.4973
1865,4/26/2018 18:30,62.7474
1866,4/26/2018 13:45,62.8655
1867,4/25/2018 18:30,62.3202
1868,4/25/2018 13:45,61.7735
1869,4/24/2018 18:30,61.5722
1870,4/24/2018 13:45,61.6221
1871,4/23/2018 18:30,61.8035
1872,4/23/2018 13:45,62.162
1873,4/20/2018 18:30,61.38
1874,4/20/2018 13:45,61.4346
1875,4/19/2018 18:30,60.8372
1876,4/19/2018 13:45,61.1035
1877,4/18/2018 18:30,61.0827
1878,4/18/2018 13:45,61.646
1879,4/17/2018 18:30,61.5328
1880,4/17/2018 13:45,61.5112
1881,4/16/2018 18:30,62.2653
1882,4/16/2018 13:45,61.837
1883,4/13/2018 18:30,62.0981
1884,4/13/2018 13:45,61.6012
1885,4/12/2018 18:30,61.8495
1886,4/12/2018 13:45,61.708
1887,4/11/2018 18:30,63.8074
1888,4/11/2018 13:45,64.0615
1889,4/10/2018 18:30,62.7882
1890,4/10/2018 13:45,63.1725
1891,4/9/2018 18:30,60.1343
1892,4/9/2018 13:45,59.4386
1893,4/6/2018 18:30,58.0458
1894,4/6/2018 13:45,57.8817
1895,4/5/2018 18:30,57.6791
1896,4/5/2018 13:45,57.5695
1897,4/4/2018 18:30,57.5351
1898,4/4/2018 13:45,57.8669
1899,4/3/2018 18:30,57.6103
1900,4/3/2018 13:45,57.5913
1901,4/2/2018 18:30,57.5777
1902,4/2/2018 13:45,57.3626
1903,3/30/2018 18:30,57.2783
1904,3/30/2018 13:45,57.3898
1905,3/29/2018 18:30,57.5011
1906,3/29/2018 13:45,57.6613
1907,3/28/2018 18:30,57.6474
1908,3/28/2018 13:45,57.5983
1909,3/27/2018 18:30,57.3874
1910,3/27/2018 13:45,57.1364
1911,3/26/2018 18:30,57.3925
1912,3/26/2018 13:45,56.9059
1913,3/23/2018 18:30,57.0066
1914,3/23/2018 13:45,57.2344
1915,3/22/2018 18:30,57.1735
1916,3/22/2018 13:45,56.8878
1917,3/21/2018 18:30,57.2891
1918,3/21/2018 13:45,57.5097
1919,3/20/2018 18:30,57.4457
1920,3/20/2018 13:45,57.8358
1921,3/19/2018 18:30,57.9221
1922,3/19/2018 13:45,57.6303
1923,3/16/2018 18:30,57.6398
1924,3/16/2018 13:45,57.5672
1925,3/15/2018 18:30,57.3696
1926,3/15/2018 13:45,57.1515
1927,3/14/2018 18:30,57.2176
1928,3/14/2018 13:45,56.8828
1929,3/13/2018 18:30,56.8686
1930,3/13/2018 13:45,56.941
1931,3/12/2018 18:30,56.9175
1932,3/12/2018 13:45,56.8466
1933,3/9/2018 18:30,56.6742
1934,3/9/2018 13:45,56.9757
1935,3/7/2018 18:30,56.9306
1936,3/7/2018 13:45,56.8723
1937,3/6/2018 18:30,56.5197
1938,3/6/2018 13:45,56.4889
1939,3/5/2018 18:30,56.9667
1940,3/5/2018 13:45,57.0336
1941,3/2/2018 18:30,57.2443
1942,3/2/2018 13:45,56.7371
1943,3/1/2018 18:30,56.884
1944,3/1/2018 13:45,56.7426
1945,2/28/2018 18:30,56.1789
1946,2/28/2018 13:45,56.2785
1947,2/27/2018 18:30,56.1093
1948,2/27/2018 13:45,55.8679
1949,2/26/2018 18:30,55.9539
1950,2/26/2018 13:45,55.9291
1951,2/22/2018 18:30,56.6
1952,2/22/2018 13:45,56.7453
1953,2/21/2018 18:30,56.6074
1954,2/21/2018 13:45,56.6016
1955,2/20/2018 18:30,56.5186
1956,2/20/2018 13:45,56.7009
1957,2/19/2018 18:30,56.4679
1958,2/19/2018 13:45,56.3978
1959,2/16/2018 18:30,56.2582
1960,2/16/2018 13:45,56.393
1961,2/15/2018 18:30,56.491
1962,2/15/2018 13:45,56.6744
1963,2/14/2018 18:30,57.4853
1964,2/14/2018 13:45,57.4283
1965,2/13/2018 18:30,57.8028
1966,2/13/2018 13:45,57.7241
1967,2/12/2018 18:30,58.0664
1968,2/12/2018 13:45,57.9182
1969,2/9/2018 18:30,58.3474
1970,2/9/2018 13:45,57.9795
1971,2/8/2018 18:30,57.9298
1972,2/8/2018 13:45,57.8378
1973,2/7/2018 18:30,57.0674
1974,2/7/2018 13:45,57.1645
1975,2/6/2018 18:30,57.1583
1976,2/6/2018 13:45,57.1478
1977,2/5/2018 18:30,56.7984
1978,2/5/2018 13:45,56.5808
1979,2/2/2018 18:30,56.378
1980,2/2/2018 13:45,56.282
1981,2/1/2018 18:30,56.1893
1982,2/1/2018 13:45,56.2348
1983,1/31/2018 18:30,56.2482
1984,1/31/2018 13:45,56.2559
1985,1/30/2018 18:30,56.2108
1986,1/30/2018 13:45,55.9283
1987,1/29/2018 18:30,56.3988
1988,1/29/2018 13:45,56.273
1989,1/26/2018 18:30,56.1545
1990,1/26/2018 13:45,55.799
1991,1/25/2018 18:30,55.7991
1992,1/25/2018 13:45,55.7888
1993,1/24/2018 18:30,56.3218
1994,1/24/2018 13:45,56.3398
1995,1/23/2018 18:30,56.4481
1996,1/23/2018 13:45,56.5668
1997,1/22/2018 18:30,56.5631
1998,1/22/2018 13:45,56.5733
1999,1/19/2018 18:30,56.626
2000,1/19/2018 13:45,56.5734
2001,1/18/2018 18:30,56.5104
2002,1/18/2018 13:45,56.7023
2003,1/17/2018 18:30,56.7708
2004,1/17/2018 13:45,56.6389
2005,1/16/2018 18:30,56.3949
2006,1/16/2018 13:45,56.4575
2007,1/15/2018 18:30,56.4145
2008,1/15/2018 13:45,56.3995
2009,1/12/2018 18:30,56.5525
2010,1/12/2018 13:45,56.5419
2011,1/11/2018 18:30,56.7791
2012,1/11/2018 13:45,57.0105
2013,1/10/2018 18:30,56.9727
2014,1/10/2018 13:45,57.0275
2015,1/9/2018 18:30,57.0299
2016,1/9/2018 13:45,57.0385
2017,1/5/2018 18:30,56.9892
2018,1/5/2018 13:45,57.0457
2019,1/4/2018 18:30,57.0676
2020,1/4/2018 13:45,57.1913
2021,1/3/2018 18:30,57.3755
2022,1/3/2018 13:45,57.465
2023,12/29/2017 18:30,57.5867
2024,12/29/2017 13:45,57.6887
2025,12/28/2017 18:30,57.537
2026,12/28/2017 13:45,57.5486
2027,12/27/2017 18:30,57.6924
2028,12/27/2017 13:45,57.887
2029,12/26/2017 18:30,57.7204
2030,12/26/2017 13:45,57.7259
2031,12/25/2017 18:30,57.978
2032,12/25/2017 13:45,58.0385
2033,12/22/2017 18:30,58.345
2034,12/22/2017 13:45,58.2522
2035,12/21/2017 18:30,58.5088
2036,12/21/2017 13:45,58.5
2037,12/20/2017 18:30,58.7004
2038,12/20/2017 13:45,58.6145
2039,12/19/2017 18:30,58.8075
2040,12/19/2017 13:45,58.6104
2041,12/18/2017 18:30,58.6225
2042,12/18/2017 13:45,58.5975
2043,12/15/2017 18:30,58.8646
2044,12/15/2017 13:45,58.9884
2045,12/14/2017 18:30,58.8717
2046,12/14/2017 13:45,58.6461
2047,12/13/2017 18:30,58.8527
2048,12/13/2017 13:45,59.0965
2049,12/12/2017 18:30,59.1267
2050,12/12/2017 13:45,58.8448
2051,12/11/2017 18:30,59.1793
2052,12/11/2017 13:45,59.2273
2053,12/8/2017 18:30,59.2502
2054,12/8/2017 13:45,59.314
2055,12/7/2017 18:30,59.2047
2056,12/7/2017 13:45,59.2124
2057,12/6/2017 18:30,59.1188
2058,12/6/2017 13:45,59.0934
2059,12/5/2017 18:30,58.7106
2060,12/5/2017 13:45,58.6475
2061,12/4/2017 18:30,58.8457
2062,12/4/2017 13:45,58.9607
2063,12/1/2017 18:30,58.5308
2064,12/1/2017 13:45,58.6895
2065,11/30/2017 18:30,58.4714
2066,11/30/2017 13:45,58.5695
2067,11/29/2017 18:30,58.527
2068,11/29/2017 13:45,58.3383
2069,11/28/2017 18:30,58.406
2070,11/28/2017 13:45,58.3405
2071,11/27/2017 18:30,58.2038
2072,11/27/2017 13:45,58.0748
2073,11/24/2017 18:30,58.443
2074,11/24/2017 13:45,58.4637
2075,11/23/2017 18:30,58.4018
2076,11/23/2017 13:45,58.3824
2077,11/22/2017 18:30,58.7387
2078,11/22/2017 13:45,58.9233
2079,11/21/2017 18:30,59.16
2080,11/21/2017 13:45,59.445
2081,11/20/2017 18:30,59.484
2082,11/20/2017 13:45,59.2868
2083,11/17/2017 18:30,59.3453
2084,11/17/2017 13:45,59.6028
2085,11/16/2017 18:30,59.7836
2086,11/16/2017 13:45,59.8767
2087,11/15/2017 18:30,60.1397
2088,11/15/2017 13:45,60.2798
2089,11/14/2017 18:30,59.9961
2090,11/14/2017 13:45,59.6718
2091,11/13/2017 18:30,59.406
2092,11/13/2017 13:45,59.4627
2093,11/10/2017 18:30,59.0462
2094,11/10/2017 13:45,59.2871
2095,11/9/2017 18:30,59.213
2096,11/9/2017 13:45,59.2834
2097,11/8/2017 18:30,59.2575
2098,11/8/2017 13:45,59.3008
2099,11/7/2017 18:30,59.1034
2100,11/7/2017 13:45,58.8106
2101,11/3/2017 18:30,59.116
2102,11/3/2017 13:45,58.652
2103,11/2/2017 18:30,58.3677
2104,11/2/2017 13:45,58.1545
2105,11/1/2017 18:30,58.2001
2106,11/1/2017 13:45,58.0855
2107,10/31/2017 18:30,58.4807
2108,10/31/2017 13:45,58.4118
2109,10/30/2017 18:30,57.9039
2110,10/30/2017 13:45,57.7852
2111,10/27/2017 18:30,58.1975
2112,10/27/2017 13:45,58.2257
2113,10/26/2017 18:30,57.6884
2114,10/26/2017 13:45,57.6941
2115,10/25/2017 18:30,57.6614
2116,10/25/2017 13:45,57.545
2117,10/24/2017 18:30,57.6161
2118,10/24/2017 13:45,57.4161
2119,10/23/2017 18:30,57.5126
2120,10/23/2017 13:45,57.4932
2121,10/20/2017 18:30,57.485
2122,10/20/2017 13:45,57.5506
2123,10/19/2017 18:30,57.3095
2124,10/19/2017 13:45,57.5905
2125,10/18/2017 18:30,57.4735
2126,10/18/2017 13:45,57.3088
2127,10/17/2017 18:30,57.4865
2128,10/17/2017 13:45,57.3155
2129,10/16/2017 18:30,57.31
2130,10/16/2017 13:45,57.2457
2131,10/13/2017 18:30,57.1196
2132,10/13/2017 13:45,57.682
2133,10/12/2017 18:30,57.7143
2134,10/12/2017 13:45,57.6863
2135,10/11/2017 18:30,57.9035
2136,10/11/2017 13:45,57.81
2137,10/10/2017 18:30,57.9098
2138,10/10/2017 13:45,57.989
2139,10/9/2017 18:30,58.3863
2140,10/9/2017 13:45,58.4215
2141,10/6/2017 18:30,58.1591
2142,10/6/2017 13:45,57.8075
2143,10/5/2017 18:30,57.5054
2144,10/5/2017 13:45,57.4943
2145,10/4/2017 18:30,57.5968
2146,10/4/2017 13:45,57.6738
2147,10/3/2017 18:30,57.8854
2148,10/3/2017 13:45,57.9641
2149,10/2/2017 18:30,57.9266
2150,10/2/2017 13:45,57.9208
2151,9/29/2017 18:30,57.5389
2152,9/29/2017 13:45,57.787
2153,9/28/2017 18:30,57.9612
2154,9/28/2017 13:45,58.1332
2155,9/27/2017 18:30,58.098
2156,9/27/2017 13:45,58.1665
2157,9/26/2017 18:30,57.87
2158,9/26/2017 13:45,57.5672
2159,9/25/2017 18:30,57.5539
2160,9/25/2017 13:45,57.3675
2161,9/22/2017 18:30,57.5322
2162,9/22/2017 13:45,57.5985
2163,9/21/2017 18:30,57.967
2164,9/21/2017 13:45,58.077
2165,9/20/2017 18:30,57.7845
2166,9/20/2017 13:45,57.9136
2167,9/19/2017 18:30,58.2287
2168,9/19/2017 13:45,58.0966
2169,9/18/2017 18:30,58.0172
2170,9/18/2017 13:45,57.678
2171,9/15/2017 18:30,57.5673
2172,9/15/2017 13:45,57.5701
2173,9/14/2017 18:30,57.4713
2174,9/14/2017 13:45,57.7068
2175,9/13/2017 18:30,57.801
2176,9/13/2017 13:45,57.7432
2177,9/12/2017 18:30,57.7219
2178,9/12/2017 13:45,57.4488
2179,9/11/2017 18:30,57.1888
2180,9/11/2017 13:45,57.1179
2181,9/8/2017 18:30,57.2617
2182,9/8/2017 13:45,57.0521
2183,9/7/2017 18:30,57.0123
2184,9/7/2017 13:45,56.9941
2185,9/6/2017 18:30,57.3219
2186,9/6/2017 13:45,57.4487
2187,9/5/2017 18:30,57.366
2188,9/5/2017 13:45,57.8812
2189,9/4/2017 18:30,57.8243
2190,9/4/2017 13:45,57.8587
2191,9/1/2017 18:30,57.5648
2192,9/1/2017 13:45,57.9498
2193,8/31/2017 18:30,58.1015
2194,8/31/2017 13:45,58.3508
2195,8/30/2017 18:30,58.4068
2196,8/30/2017 13:45,58.6408
2197,8/29/2017 18:30,58.7454
2198,8/29/2017 13:45,58.8073
2199,8/28/2017 18:30,58.5537
2200,8/28/2017 13:45,58.4089
2201,8/25/2017 18:30,58.8484
2202,8/25/2017 13:45,59.1253
2203,8/24/2017 18:30,59.1742
2204,8/24/2017 13:45,59.1384
2205,8/23/2017 18:30,59.0466
2206,8/23/2017 13:45,59.1367
2207,8/22/2017 18:30,59.0077
2208,8/22/2017 13:45,59.0498
2209,8/21/2017 18:30,59.0256
2210,8/21/2017 13:45,59.0083
2211,8/18/2017 18:30,59.2957
2212,8/18/2017 13:45,59.4264
2213,8/17/2017 18:30,59.2025
2214,8/17/2017 13:45,59.4286
2215,8/16/2017 18:30,59.443
2216,8/16/2017 13:45,59.5678
2217,8/15/2017 18:30,59.8066
2218,8/15/2017 13:45,59.9239
2219,8/14/2017 18:30,59.6132
2220,8/14/2017 13:45,59.79
2221,8/11/2017 18:30,59.9047
2222,8/11/2017 13:45,60.1799
2223,8/10/2017 18:30,59.9587
2224,8/10/2017 13:45,59.9386
2225,8/9/2017 18:30,60.1605
2226,8/9/2017 13:45,59.93
2227,8/8/2017 18:30,59.7965
2228,8/8/2017 13:45,60.0376
2229,8/7/2017 18:30,60.0823
2230,8/7/2017 13:45,60.103
2231,8/4/2017 18:30,59.9456
2232,8/4/2017 13:45,60.4355
2233,8/3/2017 18:30,60.1726
2234,8/3/2017 13:45,60.4705
2235,8/2/2017 18:30,60.5361
2236,8/2/2017 13:45,60.6374
2237,8/1/2017 18:30,60.2009
2238,8/1/2017 13:45,60.1235
2239,7/31/2017 18:30,60.1376
2240,7/31/2017 13:45,60.151
2241,7/28/2017 18:30,59.5592
2242,7/28/2017 13:45,59.4424
2243,7/27/2017 18:30,59.4181
2244,7/27/2017 13:45,59.4186
2245,7/26/2017 18:30,59.797
2246,7/26/2017 13:45,59.9441
2247,7/25/2017 18:30,59.9837
2248,7/25/2017 13:45,59.9437
2249,7/24/2017 18:30,60.0756
2250,7/24/2017 13:45,59.7774
2251,7/21/2017 18:30,59.1582
2252,7/21/2017 13:45,58.8517
2253,7/20/2017 18:30,58.981
2254,7/20/2017 13:45,59.0748
2255,7/19/2017 18:30,58.9502
2256,7/19/2017 13:45,59.0616
2257,7/18/2017 18:30,59.115
2258,7/18/2017 13:45,59.1558
2259,7/17/2017 18:30,59.3163
2260,7/17/2017 13:45,59.2905
2261,7/14/2017 18:30,59.1763
2262,7/14/2017 13:45,59.5662
2263,7/13/2017 18:30,59.9766
2264,7/13/2017 13:45,59.7886
2265,7/12/2017 18:30,60.0703
2266,7/12/2017 13:45,60.6406
2267,7/11/2017 18:30,60.9216
2268,7/11/2017 13:45,60.8333
2269,7/10/2017 18:30,60.2975
2270,7/10/2017 13:45,60.4077
2271,7/7/2017 18:30,60.4747
2272,7/7/2017 13:45,60.4558
2273,7/6/2017 18:30,59.883
2274,7/6/2017 13:45,60.11
2275,7/5/2017 18:30,60.0805
2276,7/5/2017 13:45,60.0507
2277,7/4/2017 18:30,59.3195
2278,7/4/2017 13:45,59.3231
2279,7/3/2017 18:30,59.3766
2280,7/3/2017 13:45,59.3026
2281,6/30/2017 18:30,59.1817
2282,6/30/2017 13:45,59.2166
2283,6/29/2017 18:30,59.2078
2284,6/29/2017 13:45,59.0132
2285,6/28/2017 18:30,59.4518
2286,6/28/2017 13:45,59.5837
2287,6/27/2017 18:30,58.9531
2288,6/27/2017 13:45,58.9306
2289,6/26/2017 18:30,59.0789
2290,6/26/2017 13:45,59.0418
2291,6/23/2017 18:30,59.5083
2292,6/23/2017 13:45,59.5899
2293,6/22/2017 18:30,59.803
2294,6/22/2017 13:45,59.7288
2295,6/21/2017 18:30,59.821
2296,6/21/2017 13:45,59.6013
2297,6/20/2017 18:30,59.6634
2298,6/20/2017 13:45,59.1653
2299,6/19/2017 18:30,58.3104
2300,6/19/2017 13:45,58.1509
2301,6/16/2017 18:30,57.7536
2302,6/16/2017 13:45,57.6022
2303,6/15/2017 18:30,57.7372
2304,6/15/2017 13:45,57.4895
2305,6/14/2017 18:30,57.063
2306,6/14/2017 13:45,57.0536
2307,6/13/2017 18:30,56.9229
2308,6/13/2017 13:45,56.8918
2309,6/9/2017 18:30,56.9706
2310,6/9/2017 13:45,56.908
2311,6/8/2017 18:30,56.9002
2312,6/8/2017 13:45,56.9348
2313,6/7/2017 18:30,56.9765
2314,6/7/2017 13:45,56.7091
2315,6/6/2017 18:30,56.6494
2316,6/6/2017 13:45,56.7077
2317,6/5/2017 18:30,56.6612
2318,6/5/2017 13:45,56.6767
2319,6/2/2017 18:30,56.6603
2320,6/2/2017 13:45,56.6643
2321,6/1/2017 18:30,56.3442
2322,6/1/2017 13:45,56.6309
2323,5/31/2017 18:30,56.8253
2324,5/31/2017 13:45,56.7043
2325,5/30/2017 18:30,56.6538
2326,5/30/2017 13:45,56.5188
2327,5/29/2017 18:30,56.3446
2328,5/29/2017 13:45,56.4923
2329,5/26/2017 18:30,56.7881
2330,5/26/2017 13:45,56.6949
2331,5/25/2017 18:30,56.378
2332,5/25/2017 13:45,56.3566
2333,5/24/2017 18:30,56.4976
2334,5/24/2017 13:45,56.4355
2335,5/23/2017 18:30,56.267
2336,5/23/2017 13:45,56.4235
2337,5/22/2017 18:30,56.7283
2338,5/22/2017 13:45,56.6257
2339,5/19/2017 18:30,56.9391
2340,5/19/2017 13:45,57.1086
2341,5/18/2017 18:30,57.5075
2342,5/18/2017 13:45,57.855
2343,5/17/2017 18:30,56.8565
2344,5/17/2017 13:45,56.6884
2345,5/16/2017 18:30,56.3789
2346,5/16/2017 13:45,56.3458
2347,5/15/2017 18:30,56.3736
2348,5/15/2017 13:45,56.3708
2349,5/12/2017 18:30,57.1702
2350,5/12/2017 13:45,57.2424
2351,5/11/2017 18:30,57.1085
2352,5/11/2017 13:45,57.056
2353,5/10/2017 18:30,57.5742
2354,5/10/2017 13:45,57.9742
2355,5/5/2017 18:30,58.145
2356,5/5/2017 13:45,58.4321
2357,5/4/2017 18:30,58.1823
2358,5/4/2017 13:45,57.719
2359,5/3/2017 18:30,57.2802
2360,5/3/2017 13:45,57.1831
2361,5/2/2017 18:30,57.0196
2362,5/2/2017 13:45,56.9967
2363,4/28/2017 18:30,56.9328
2364,4/28/2017 13:45,56.8486
2365,4/27/2017 18:30,57.2018
2366,4/27/2017 13:45,56.7819
2367,4/26/2017 18:30,56.9175
2368,4/26/2017 13:45,56.5592
2369,4/25/2017 18:30,56.1624
2370,4/25/2017 13:45,56.0069
2371,4/24/2017 18:30,55.8159
2372,4/24/2017 13:45,55.7858
2373,4/21/2017 18:30,56.5396
2374,4/21/2017 13:45,56.2711
2375,4/20/2017 18:30,56.2171
2376,4/20/2017 13:45,56.2799
2377,4/19/2017 18:30,56.4427
2378,4/19/2017 13:45,56.1291
2379,4/18/2017 18:30,56.131
2380,4/18/2017 13:45,56.098
2381,4/17/2017 18:30,55.9126
2382,4/17/2017 13:45,56.0149
2383,4/14/2017 18:30,56.2675
2384,4/14/2017 13:45,56.2141
2385,4/13/2017 18:30,56.2321
2386,4/13/2017 13:45,56.5871
2387,4/12/2017 18:30,56.9198
2388,4/12/2017 13:45,56.9305
2389,4/11/2017 18:30,57.1153
2390,4/11/2017 13:45,56.9401
2391,4/10/2017 18:30,57.26
2392,4/10/2017 13:45,57.3223
2393,4/7/2017 18:30,57.1625
2394,4/7/2017 13:45,56.9118
2395,4/6/2017 18:30,56.3549
2396,4/6/2017 13:45,56.3594
2397,4/5/2017 18:30,56.1701
2398,4/5/2017 13:45,56.1106
2399,4/4/2017 18:30,56.1804
2400,4/4/2017 13:45,56.4201
2401,4/3/2017 18:30,56.3578
2402,4/3/2017 13:45,56.3486
2403,3/31/2017 18:30,56.4584
2404,3/31/2017 13:45,56.3682
2405,3/30/2017 18:30,55.9394
2406,3/30/2017 13:45,56.3017
2407,3/29/2017 18:30,56.6516
2408,3/29/2017 13:45,56.9587
2409,3/28/2017 18:30,56.9508
2410,3/28/2017 13:45,57.0993
2411,3/27/2017 18:30,56.9432
2412,3/27/2017 13:45,56.7843
2413,3/24/2017 18:30,57.1506
2414,3/24/2017 13:45,57.234
2415,3/23/2017 18:30,57.5483
2416,3/23/2017 13:45,57.5146
2417,3/22/2017 18:30,57.9959
2418,3/22/2017 13:45,58.0367
2419,3/21/2017 18:30,57.4525
2420,3/21/2017 13:45,57.1437
2421,3/20/2017 18:30,57.3708
2422,3/20/2017 13:45,57.521
2423,3/17/2017 18:30,57.7383
2424,3/17/2017 13:45,57.7562
2425,3/16/2017 18:30,57.8248
2426,3/16/2017 13:45,57.971
2427,3/15/2017 18:30,59.052
2428,3/15/2017 13:45,59.0571
2429,3/14/2017 18:30,59.2875
2430,3/14/2017 13:45,58.9784
2431,3/13/2017 18:30,58.9513
2432,3/13/2017 13:45,59.1104
2433,3/10/2017 18:30,58.9101
2434,3/10/2017 13:45,59.0994
2435,3/9/2017 18:30,59.3632
2436,3/9/2017 13:45,59.2044
2437,3/7/2017 18:30,58.1198
2438,3/7/2017 13:45,58.0269
2439,3/6/2017 18:30,58.0601
2440,3/6/2017 13:45,58.0895
2441,3/3/2017 18:30,58.501
2442,3/3/2017 13:45,58.6286
2443,3/2/2017 18:30,58.6772
2444,3/2/2017 13:45,58.5017
2445,3/1/2017 18:30,58.461
2446,3/1/2017 13:45,58.0682
2447,2/28/2017 18:30,58.2657
2448,2/28/2017 13:45,57.9803
2449,2/27/2017 18:30,57.9403
2450,2/27/2017 13:45,57.7173
2451,2/24/2017 18:30,58.407
2452,2/24/2017 13:45,57.8491
2453,2/22/2017 18:30,57.9715
2454,2/22/2017 13:45,57.8467
2455,2/21/2017 18:30,57.547
2456,2/21/2017 13:45,57.8247
2457,2/20/2017 18:30,58.0741
2458,2/20/2017 13:45,58.0381
2459,2/17/2017 18:30,58.159
2460,2/17/2017 13:45,58.1018
2461,2/16/2017 18:30,57.4444
2462,2/16/2017 13:45,57.2377
2463,2/15/2017 18:30,57.46
2464,2/15/2017 13:45,57.2735
2465,2/14/2017 18:30,57.4373
2466,2/14/2017 13:45,57.5267
2467,2/13/2017 18:30,58.0709
2468,2/13/2017 13:45,57.9556
2469,2/10/2017 18:30,58.5661
2470,2/10/2017 13:45,58.7023
2471,2/9/2017 18:30,58.8915
2472,2/9/2017 13:45,58.8714
2473,2/8/2017 18:30,59.3207
2474,2/8/2017 13:45,59.5071
2475,2/7/2017 18:30,59.2518
2476,2/7/2017 13:45,59.4458
2477,2/6/2017 18:30,58.9978
2478,2/6/2017 13:45,58.8264
2479,2/3/2017 18:30,58.8994
2480,2/3/2017 13:45,59.4043
2481,2/2/2017 18:30,59.6183
2482,2/2/2017 13:45,59.6503
2483,2/1/2017 18:30,60.236
2484,2/1/2017 13:45,60.3103
2485,1/31/2017 18:30,59.9226
2486,1/31/2017 13:45,60.0721
2487,1/30/2017 18:30,59.9815
2488,1/30/2017 13:45,59.8618
2489,1/27/2017 18:30,59.8153
2490,1/27/2017 13:45,60.0211
2491,1/26/2017 18:30,60.4058
2492,1/26/2017 13:45,60.0508
2493,1/25/2017 18:30,59.2365
2494,1/25/2017 13:45,59.2665
2495,1/24/2017 18:30,59.2648
2496,1/24/2017 13:45,59.1795
2497,1/23/2017 18:30,59.3983
2498,1/23/2017 13:45,59.3938
2499,1/20/2017 18:30,59.6838
2500,1/20/2017 13:45,59.7273
2501,1/19/2017 18:30,59.8853
2502,1/19/2017 13:45,59.9102
2503,1/18/2017 18:30,59.2755
2504,1/18/2017 13:45,59.2019
2505,1/17/2017 18:30,59.3381
2506,1/17/2017 13:45,59.2845
2507,1/16/2017 18:30,59.8711
2508,1/16/2017 13:45,59.5381
2509,1/13/2017 18:30,59.5748
2510,1/13/2017 13:45,59.4796
2511,1/12/2017 18:30,59.2602
2512,1/12/2017 13:45,59.3459
2513,1/11/2017 18:30,60.4876
2514,1/11/2017 13:45,60.1488
2515,1/10/2017 18:30,60.0045
2516,1/10/2017 13:45,59.9975
2517,1/9/2017 18:30,59.893
2518,1/9/2017 13:45,59.8777
2519,1/6/2017 18:30,59.483
2520,1/6/2017 13:45,59.2091
2521,1/5/2017 18:30,59.2386
2522,1/5/2017 13:45,60.1398
2523,1/4/2017 18:30,60.6003
2524,1/4/2017 13:45,61.049
2525,1/3/2017 18:30,60.4964
2526,1/3/2017 13:45,60.6986
2527,12/30/2016 18:30,61.0446
2528,12/30/2016 13:45,61.5411
2529,12/29/2016 18:30,60.7467
2530,12/29/2016 13:45,60.2202
2531,12/28/2016 18:30,60.405
2532,12/28/2016 13:45,60.5875
2533,12/27/2016 18:30,60.7329
2534,12/27/2016 13:45,60.8292
2535,12/26/2016 18:30,61.001
2536,12/26/2016 13:45,60.8277
2537,12/23/2016 18:30,61.225
2538,12/23/2016 13:45,61.0313
2539,12/22/2016 18:30,60.7966
2540,12/22/2016 13:45,60.8415
2541,12/21/2016 18:30,61.0267
2542,12/21/2016 13:45,61.099
2543,12/20/2016 18:30,61.4125
2544,12/20/2016 13:45,61.6863
2545,12/19/2016 18:30,61.7189
2546,12/19/2016 13:45,61.7916
2547,12/16/2016 18:30,61.6611
2548,12/16/2016 13:45,61.6402
2549,12/15/2016 18:30,61.8468
2550,12/15/2016 13:45,61.5893
2551,12/14/2016 18:30,61.2067
2552,12/14/2016 13:45,60.7771
2553,12/13/2016 18:30,60.8359
2554,12/13/2016 13:45,61.026
2555,12/12/2016 18:30,61.1698
2556,12/12/2016 13:45,61.049
2557,12/9/2016 18:30,62.7003
2558,12/9/2016 13:45,63.0843
2559,12/8/2016 18:30,63.3591
2560,12/8/2016 13:45,63.3409
2561,12/7/2016 18:30,63.737
2562,12/7/2016 13:45,63.6254
2563,12/6/2016 18:30,63.9474
2564,12/6/2016 13:45,63.7852
2565,12/5/2016 18:30,63.6891
2566,12/5/2016 13:45,63.7315
2567,12/2/2016 18:30,63.8538
2568,12/2/2016 13:45,64.2787
2569,12/1/2016 18:30,63.8625
2570,12/1/2016 13:45,64.0513
2571,11/30/2016 18:30,64.4625
2572,11/30/2016 13:45,64.5955
2573,11/29/2016 18:30,65.3783
2574,11/29/2016 13:45,64.999
2575,11/28/2016 18:30,64.6457
2576,11/28/2016 13:45,65.0153
2577,11/25/2016 18:30,64.8006
2578,11/25/2016 13:45,64.5113
2579,11/24/2016 18:30,64.3883
2580,11/24/2016 13:45,64.3659
2581,11/23/2016 18:30,64.6534
2582,11/23/2016 13:45,64.32
2583,11/22/2016 18:30,63.9642
2584,11/22/2016 13:45,63.6868
2585,11/21/2016 18:30,63.9935
2586,11/21/2016 13:45,64.2468
2587,11/18/2016 18:30,64.6666
2588,11/18/2016 13:45,65.1289
2589,11/17/2016 18:30,64.4634
2590,11/17/2016 13:45,64.623
2591,11/16/2016 18:30,64.8106
2592,11/16/2016 13:45,65.3536
2593,11/15/2016 18:30,64.7664
2594,11/15/2016 13:45,65.2912
2595,11/14/2016 18:30,66.2413
2596,11/14/2016 13:45,66.2088
2597,11/11/2016 18:30,66.0015
2598,11/11/2016 13:45,65.8272
2599,11/10/2016 18:30,64.7943
2600,11/10/2016 13:45,63.4601
2601,11/9/2016 18:30,63.9918
2602,11/9/2016 13:45,63.6347
2603,11/8/2016 18:30,63.7658
2604,11/8/2016 13:45,63.7417
2605,11/7/2016 18:30,63.7411
2606,11/7/2016 13:45,63.8161
2607,11/3/2016 18:30,63.6735
2608,11/3/2016 13:45,63.6503
2609,11/2/2016 18:30,63.6815
2610,11/2/2016 13:45,63.5095
2611,11/1/2016 18:30,63.1114
2612,11/1/2016 13:45,63.1748
2613,10/31/2016 18:30,63.4098
2614,10/31/2016 13:45,63.1854
2615,10/28/2016 18:30,62.9216
2616,10/28/2016 13:45,62.9436
2617,10/27/2016 18:30,62.7636
2618,10/27/2016 13:45,62.8668
2619,10/26/2016 18:30,62.7804
2620,10/26/2016 13:45,62.2612
2621,10/25/2016 18:30,62.1511
2622,10/25/2016 13:45,62.0651
2623,10/24/2016 18:30,62.2308
2624,10/24/2016 13:45,62.1614
2625,10/21/2016 18:30,62.5296
2626,10/21/2016 13:45,62.3587
2627,10/20/2016 18:30,62.4505
2628,10/20/2016 13:45,62.434
2629,10/19/2016 18:30,62.3065
2630,10/19/2016 13:45,62.4848
2631,10/18/2016 18:30,62.9461
2632,10/18/2016 13:45,62.8447
2633,10/17/2016 18:30,63.0653
2634,10/17/2016 13:45,63.036
2635,10/14/2016 18:30,63.0275
2636,10/14/2016 13:45,62.9757
2637,10/13/2016 18:30,63.2398
2638,10/13/2016 13:45,63.2514
2639,10/12/2016 18:30,63.1025
2640,10/12/2016 13:45,62.6054
2641,10/11/2016 18:30,62.7234
2642,10/11/2016 13:45,62.4423
2643,10/10/2016 18:30,61.9796
2644,10/10/2016 13:45,62.43
2645,10/7/2016 18:30,62.0587
2646,10/7/2016 13:45,62.4353
2647,10/6/2016 18:30,62.2863
2648,10/6/2016 13:45,62.3708
2649,10/5/2016 18:30,62.3838
2650,10/5/2016 13:45,62.4501
2651,10/4/2016 18:30,62.4915
2652,10/4/2016 13:45,62.5207
2653,10/3/2016 18:30,62.3608
2654,10/3/2016 13:45,62.2196
2655,9/30/2016 18:30,62.9973
2656,9/30/2016 13:45,63.3181
2657,9/29/2016 18:30,63.0004
2658,9/29/2016 13:45,63.239
2659,9/28/2016 18:30,63.8943
2660,9/28/2016 13:45,63.883
2661,9/27/2016 18:30,63.9684
2662,9/27/2016 13:45,63.8183
2663,9/26/2016 18:30,63.7988
2664,9/26/2016 13:45,63.8412
2665,9/23/2016 18:30,63.7898
2666,9/23/2016 13:45,63.4813
2667,9/22/2016 18:30,63.6313
2668,9/22/2016 13:45,63.7273
2669,9/21/2016 18:30,64.266
2670,9/21/2016 13:45,64.4083
2671,9/20/2016 18:30,64.6521
2672,9/20/2016 13:45,64.9548
2673,9/19/2016 18:30,64.5533
2674,9/19/2016 13:45,64.8528
2675,9/16/2016 18:30,65.09
2676,9/16/2016 13:45,64.978
2677,9/15/2016 18:30,64.7432
2678,9/15/2016 13:45,64.9978
2679,9/14/2016 18:30,65.0279
2680,9/14/2016 13:45,65.0127
2681,9/13/2016 18:30,65.1797
2682,9/13/2016 13:45,64.7308
2683,9/12/2016 18:30,64.7065
2684,9/12/2016 13:45,65.2898
2685,9/9/2016 18:30,64.6239
2686,9/9/2016 13:45,64.4054
2687,9/8/2016 18:30,63.71
2688,9/8/2016 13:45,63.9707
2689,9/7/2016 18:30,64.371
2690,9/7/2016 13:45,64.3479
2691,9/6/2016 18:30,64.5741
2692,9/6/2016 13:45,64.7918
2693,9/5/2016 18:30,64.9547
2694,9/5/2016 13:45,64.8054
2695,9/2/2016 18:30,65.1323
2696,9/2/2016 13:45,65.7715
2697,9/1/2016 18:30,65.804
2698,9/1/2016 13:45,65.2302
2699,8/31/2016 18:30,65.3366
2700,8/31/2016 13:45,65.23
2701,8/30/2016 18:30,65.3095
2702,8/30/2016 13:45,64.8857
2703,8/29/2016 18:30,65.0614
2704,8/29/2016 13:45,65.0504
2705,8/26/2016 18:30,64.3581
2706,8/26/2016 13:45,64.8083
2707,8/25/2016 18:30,64.6911
2708,8/25/2016 13:45,64.938
2709,8/24/2016 18:30,65.2588
2710,8/24/2016 13:45,64.7821
2711,8/23/2016 18:30,64.3748
2712,8/23/2016 13:45,64.7847
2713,8/22/2016 18:30,64.7175
2714,8/22/2016 13:45,64.4778
2715,8/19/2016 18:30,63.9578
2716,8/19/2016 13:45,63.9935
2717,8/18/2016 18:30,63.6934
2718,8/18/2016 13:45,63.6543
2719,8/17/2016 18:30,64.1949
2720,8/17/2016 13:45,64.1383
2721,8/16/2016 18:30,63.8223
2722,8/16/2016 13:45,63.7426
2723,8/15/2016 18:30,64.0355
2724,8/15/2016 13:45,64.3435
2725,8/12/2016 18:30,64.927
2726,8/12/2016 13:45,64.6794
2727,8/11/2016 18:30,64.5204
2728,8/11/2016 13:45,64.7556
2729,8/10/2016 18:30,64.6729
2730,8/10/2016 13:45,64.7755
2731,8/9/2016 18:30,64.6828
2732,8/9/2016 13:45,64.6264
2733,8/8/2016 18:30,64.7413
2734,8/8/2016 13:45,64.9464
2735,8/5/2016 18:30,65.4728
2736,8/5/2016 13:45,65.3789
2737,8/4/2016 18:30,66.0988
2738,8/4/2016 13:45,66.4565
2739,8/3/2016 18:30,66.4535
2740,8/3/2016 13:45,66.6038
2741,8/2/2016 18:30,66.4852
2742,8/2/2016 13:45,66.5842
2743,8/1/2016 18:30,66.5567
2744,8/1/2016 13:45,66.4155
2745,7/29/2016 18:30,66.1253
2746,7/29/2016 13:45,66.9141
2747,7/28/2016 18:30,66.6419
2748,7/28/2016 13:45,66.3554
2749,7/27/2016 18:30,66.1768
2750,7/27/2016 13:45,66.0495
2751,7/26/2016 18:30,66.1326
2752,7/26/2016 13:45,66.086
2753,7/25/2016 18:30,65.415
2754,7/25/2016 13:45,64.886
2755,7/22/2016 18:30,64.821
2756,7/22/2016 13:45,64.482
2757,7/21/2016 18:30,64.1145
2758,7/21/2016 13:45,63.8302
2759,7/20/2016 18:30,63.5482
2760,7/20/2016 13:45,63.2789
2761,7/19/2016 18:30,63.3702
2762,7/19/2016 13:45,63.0122
2763,7/18/2016 18:30,62.9046
2764,7/18/2016 13:45,63.0986
2765,7/15/2016 18:30,63.4228
2766,7/15/2016 13:45,63.1919
2767,7/14/2016 18:30,62.8031
2768,7/14/2016 13:45,63.1865
2769,7/13/2016 18:30,64.0344
2770,7/13/2016 13:45,63.9218
2771,7/12/2016 18:30,63.9945
2772,7/12/2016 13:45,63.8223
2773,7/11/2016 18:30,64.0487
2774,7/11/2016 13:45,64.2
2775,7/8/2016 18:30,63.8585
2776,7/8/2016 13:45,64.2047
2777,7/7/2016 18:30,64.1545
2778,7/7/2016 13:45,64.0458
2779,7/6/2016 18:30,64.5623
2780,7/6/2016 13:45,64.7571
2781,7/5/2016 18:30,64.528
2782,7/5/2016 13:45,64.1463
2783,7/1/2016 18:30,64.0877
2784,7/1/2016 13:45,64.1718
2785,6/30/2016 18:30,63.8875
2786,6/30/2016 13:45,64.15
2787,6/29/2016 18:30,63.7853
2788,6/29/2016 13:45,64.123
2789,6/28/2016 18:30,64.5662
2790,6/28/2016 13:45,64.6837
2791,6/27/2016 18:30,65.4938
2792,6/27/2016 13:45,65.0924
2793,6/24/2016 18:30,65.0619
2794,6/24/2016 13:45,65.4755
2795,6/23/2016 18:30,64.2163
2796,6/23/2016 13:45,64.0327
2797,6/22/2016 18:30,64.3042
2798,6/22/2016 13:45,64.0383
2799,6/21/2016 18:30,63.8801
2800,6/21/2016 13:45,64.1303
2801,6/20/2016 18:30,64.0128
2802,6/20/2016 13:45,64.1545
2803,6/17/2016 18:30,65.0414
2804,6/17/2016 13:45,65.2459
2805,6/16/2016 18:30,65.7201
2806,6/16/2016 13:45,65.8606
2807,6/15/2016 18:30,65.5259
2808,6/15/2016 13:45,65.7886
2809,6/14/2016 18:30,66.0567
2810,6/14/2016 13:45,65.9768
2811,6/10/2016 18:30,64.8051
2812,6/10/2016 13:45,64.4306
2813,6/9/2016 18:30,64.0452
2814,6/9/2016 13:45,64.2049
2815,6/8/2016 18:30,63.9556
2816,6/8/2016 13:45,64.1474
2817,6/7/2016 18:30,64.8913
2818,6/7/2016 13:45,64.9639
2819,6/6/2016 18:30,65.3414
2820,6/6/2016 13:45,65.7635
2821,6/3/2016 18:30,66.05
2822,6/3/2016 13:45,66.959
2823,6/2/2016 18:30,67.2875
2824,6/2/2016 13:45,66.8994
2825,6/1/2016 18:30,66.8795
2826,6/1/2016 13:45,66.8758
2827,5/31/2016 18:30,66.1267
2828,5/31/2016 13:45,65.9559
2829,5/30/2016 18:30,65.8325
2830,5/30/2016 13:45,66.0671
2831,5/27/2016 18:30,66.2202
2832,5/27/2016 13:45,66.0202
2833,5/26/2016 18:30,65.5587
2834,5/26/2016 13:45,65.1273
2835,5/25/2016 18:30,65.7696
2836,5/25/2016 13:45,65.9444
2837,5/24/2016 18:30,66.5532
2838,5/24/2016 13:45,66.96
2839,5/23/2016 18:30,66.9165
2840,5/23/2016 13:45,67.0796
2841,5/20/2016 18:30,66.704
2842,5/20/2016 13:45,66.7649
2843,5/19/2016 18:30,67.1635
2844,5/19/2016 13:45,66.494
2845,5/18/2016 18:30,65.2782
2846,5/18/2016 13:45,65.273
2847,5/17/2016 18:30,64.6583
2848,5/17/2016 13:45,64.8387
2849,5/16/2016 18:30,64.9331
2850,5/16/2016 13:45,65.1327
2851,5/13/2016 18:30,65.1427
2852,5/13/2016 13:45,65.3224
2853,5/12/2016 18:30,65.2828
2854,5/12/2016 13:45,64.7784
2855,5/11/2016 18:30,65.1043
2856,5/11/2016 13:45,66.0695
2857,5/10/2016 18:30,66.3126
2858,5/10/2016 13:45,66.3327
2859,5/6/2016 18:30,65.6044
2860,5/6/2016 13:45,66.1702
2861,5/5/2016 18:30,65.6613
2862,5/5/2016 13:45,65.9913
2863,5/4/2016 18:30,66.3485
2864,5/4/2016 13:45,66.2205
2865,4/29/2016 18:30,64.5572
2866,4/29/2016 13:45,64.2265
2867,4/28/2016 18:30,64.5556
2868,4/28/2016 13:45,64.7109
2869,4/27/2016 18:30,65.7461
2870,4/27/2016 13:45,65.2267
2871,4/26/2016 18:30,65.9093
2872,4/26/2016 13:45,66.3391
2873,4/25/2016 18:30,66.273
2874,4/25/2016 13:45,66.1547
2875,4/22/2016 18:30,66.4257
2876,4/22/2016 13:45,66.205
2877,4/21/2016 18:30,66.1499
2878,4/21/2016 13:45,65.2723
2879,4/20/2016 18:30,65.504
2880,4/20/2016 13:45,65.8077
2881,4/19/2016 18:30,65.6891
2882,4/19/2016 13:45,65.618
2883,4/18/2016 18:30,66.4007
2884,4/18/2016 13:45,67.5581
2885,4/15/2016 18:30,66.4325
2886,4/15/2016 13:45,66.3979
2887,4/14/2016 18:30,66.0206
2888,4/14/2016 13:45,66.1504
2889,4/13/2016 18:30,65.9367
2890,4/13/2016 13:45,65.39
2891,4/12/2016 18:30,65.8345
2892,4/12/2016 13:45,66.3332
2893,4/11/2016 18:30,66.6229
2894,4/11/2016 13:45,66.6908
2895,4/8/2016 18:30,66.9957
2896,4/8/2016 13:45,67.2644
2897,4/7/2016 18:30,68.3239
2898,4/7/2016 13:45,67.8437
2899,4/6/2016 18:30,68.1881
2900,4/6/2016 13:45,68.6421
2901,4/5/2016 18:30,69.2826
2902,4/5/2016 13:45,68.9786
2903,4/4/2016 18:30,68.3246
2904,4/4/2016 13:45,68.4062
2905,4/1/2016 18:30,67.9571
2906,4/1/2016 13:45,67.6653
2907,3/31/2016 18:30,67.0936
2908,3/31/2016 13:45,67.216
2909,3/30/2016 18:30,67.5121
2910,3/30/2016 13:45,67.6656
2911,3/29/2016 18:30,69.1108
2912,3/29/2016 13:45,68.527
2913,3/28/2016 18:30,68.5363
2914,3/28/2016 13:45,67.9664
2915,3/25/2016 18:30,68.38
2916,3/25/2016 13:45,67.8637
2917,3/24/2016 18:30,69.489
2918,3/24/2016 13:45,69.2307
2919,3/23/2016 18:30,68.1916
2920,3/23/2016 13:45,67.7695
2921,3/22/2016 18:30,67.3918
2922,3/22/2016 13:45,67.8206
2923,3/21/2016 18:30,67.907
2924,3/21/2016 13:45,68.2313
2925,3/18/2016 18:30,67.828
2926,3/18/2016 13:45,67.9568
2927,3/17/2016 18:30,68.1691
2928,3/17/2016 13:45,68.468
2929,3/16/2016 18:30,70.6541
2930,3/16/2016 13:45,70.7697
2931,3/15/2016 18:30,71.0787
2932,3/15/2016 13:45,70.8384
2933,3/14/2016 18:30,70.7806
2934,3/14/2016 13:45,70.2428
2935,3/11/2016 18:30,69.8723
2936,3/11/2016 13:45,69.6505
2937,3/10/2016 18:30,71.168
2938,3/10/2016 13:45,70.5766
2939,3/9/2016 18:30,71.0866
2940,3/9/2016 13:45,72.1013
2941,3/7/2016 18:30,71.7594
2942,3/7/2016 13:45,71.7769
2943,3/4/2016 18:30,72.3246
2944,3/4/2016 13:45,73.2805
2945,3/3/2016 18:30,73.558
2946,3/3/2016 13:45,73.6038
2947,3/2/2016 18:30,73.7341
2948,3/2/2016 13:45,74.0445
2949,3/1/2016 18:30,73.9807
2950,3/1/2016 13:45,73.6165
2951,2/29/2016 18:30,75.5127
2952,2/29/2016 13:45,76.1511
2953,2/26/2016 18:30,75.6006
2954,2/26/2016 13:45,74.9959
2955,2/25/2016 18:30,76.0898
2956,2/25/2016 13:45,76.155
2957,2/24/2016 18:30,77.3389
2958,2/24/2016 13:45,77.1667
2959,2/22/2016 18:30,75.3518
2960,2/22/2016 13:45,75.9299
2961,2/20/2016 18:30,76.9331
2962,2/20/2016 13:45,76.6448
2963,2/19/2016 18:30,77.8184
2964,2/19/2016 13:45,76.4345
2965,2/18/2016 18:30,75.6936
2966,2/18/2016 13:45,75.1516
2967,2/17/2016 18:30,75.9779
2968,2/17/2016 13:45,76.92
2969,2/16/2016 18:30,77.9632
2970,2/16/2016 13:45,77.1958
2971,2/15/2016 18:30,77.4247
2972,2/15/2016 13:45,77.4672
2973,2/12/2016 18:30,78.77
2974,2/12/2016 13:45,79.4541
2975,2/11/2016 18:30,80.0063
2976,2/11/2016 13:45,79.4203
2977,2/10/2016 18:30,78.4083
2978,2/10/2016 13:45,78.9425
2979,2/9/2016 18:30,78.3569
2980,2/9/2016 13:45,78.5001
2981,2/8/2016 18:30,78.1691
2982,2/8/2016 13:45,76.9436
2983,2/5/2016 18:30,77.392
2984,2/5/2016 13:45,76.9289
2985,2/4/2016 18:30,75.8186
2986,2/4/2016 13:45,76.5122
2987,2/3/2016 18:30,78.8778
2988,2/3/2016 13:45,78.6113
2989,2/2/2016 18:30,79.2792
2990,2/2/2016 13:45,79.2173
2991,2/1/2016 18:30,76.4418
2992,2/1/2016 13:45,75.8874
2993,1/29/2016 18:30,75.5698
2994,1/29/2016 13:45,75.8368
2995,1/28/2016 18:30,76.7173
2996,1/28/2016 13:45,76.3633
2997,1/27/2016 18:30,78.6073
2998,1/27/2016 13:45,78.7769
2999,1/26/2016 18:30,78.577
3000,1/26/2016 13:45,80.371
3001,1/25/2016 18:30,79.2689
3002,1/25/2016 13:45,79.3374
3003,1/22/2016 18:30,78.3193
3004,1/22/2016 13:45,79.9921
3005,1/21/2016 18:30,83.625
3006,1/21/2016 13:45,84.1541
3007,1/20/2016 18:30,81.3771
3008,1/20/2016 13:45,79.8504
3009,1/19/2016 18:30,78.4777
3010,1/19/2016 13:45,78.3383
3011,1/18/2016 18:30,79.1717
3012,1/18/2016 13:45,78.8228
3013,1/15/2016 18:30,77.5244
3014,1/15/2016 13:45,77.3729
3015,1/14/2016 18:30,76.5472
3016,1/14/2016 13:45,76.4271
3017,1/13/2016 18:30,76.2787
3018,1/13/2016 13:45,76.3336
3019,1/12/2016 18:30,76.4732
3020,1/12/2016 13:45,76.1838
3021,1/11/2016 18:30,75.6852
3022,1/11/2016 13:45,75.5685
3023,1/6/2016 18:30,74.2825
3024,1/6/2016 13:45,74.0702
3025,1/5/2016 18:30,73.4191
3026,1/5/2016 13:45,73.3763
3027,1/4/2016 18:30,72.7696
3028,1/4/2016 13:45,73.1621
